carbohydrates,energy,fat,fibre,protein,product_id,carbohydrates_units,energy_units,fat_units,fibre_units,protein_units
9,40,0.1,,0.8,acorn_squash,,,,,
3.5,169,1.5,0,35.6,active_yeast,,,,,
19.16,93,0.93,2.2,1.93,adobo_sauce,,,,,
76.6,282,0,,0,agave_syrup,,,,,
17.03,88,0,,0.49,aged_balsamic_vinegar,,,,,
0,159,6.4,0,25.4,ahi_tuna_steak,,,,,
0.9,598,58,0,18.2,ajwain_seed,,,,,
4.3,21,0.2,2.2,0.8,aleppo_pepper,,,,,
4.1,42,1.4,0,3.5,alfalfa_sprout,,,,,
19.16,93,0.93,2.2,1.93,alfredo_sauce,,,,,
80.9,352,1.4,4,9.1,all_pupose_flour,,,,,
80.9,352,1.4,4,9.1,all_purpose_baking_flour,,,,,
37.8,163,0,0,5.2,all_purpose_baking_mix,,,,,
80.9,352,1.4,4,9.1,all_purpose_flour,,,,,
0,0,8.7,,6.1,allspice,,,,,
0,0,8.7,,6.1,allspice_berry,,,,,
6.9,612,55.8,0,21.1,almond,,,,,
6.9,612,55.8,0,21.1,almond_bark,,,,,
0.6,744,82.2,0,0.6,almond_butter,,,,,
6.9,612,55.8,0,21.1,almond_essence,,,,,
6.9,612,55.8,0,21.1,almond_extract,,,,,
80.9,352,1.4,4,9.1,almond_flour,,,,,
6.9,612,55.8,0,21.1,almond_meal,,,,,
4.7,46,1.7,0,3.5,almond_milk,,,,,
6.9,612,55.8,0,21.1,almond_sliver,,,,,
0.1,381,31.8,0,23.7,american_cheese,,,,,
0,0,14.3,34.8,13.5,ancho_chile_powder,,,,,
4.2,26,0.3,,1.8,ancho_chili,,,,,
0,0,14.3,34.8,13.5,ancho_chili_powder,,,,,
0,191,10,0,25.2,anchovy,,,,,
9.6,309,25,2.8,11.9,andouille_sausage,,,,,
75.6,343,1.6,0,11.3,angel_hair_pasta,,,,,
0,0,15.9,,17.6,anise,,,,,
0,0,15.9,,17.6,anise_seed,,,,,
80.9,352,1.4,4,9.1,ap_flour,,,,,
11.6,51,0.5,1.2,0.6,apple,,,,,
11.6,51,0.5,1.2,0.6,apple_brandy,,,,,
0.6,744,82.2,0,0.6,apple_butter,,,,,
4.3,42,0,0,0,apple_cider,,,,,
0.93,21,0,0,0,apple_cider_vinegar,,,,,
11.6,51,0.5,1.2,0.6,apple_jelly,,,,,
9.7,37,0,0,0.1,apple_juice,,,,,
11.6,51,0.5,1.2,0.6,apple_pie_filling,,,,,
19.16,93,0.93,2.2,1.93,apple_sauce,,,,,
20.2,79,0.2,1.4,0.3,applesauce,,,,,
7.2,31,0.1,0,0.9,apricot,,,,,
7.2,31,0.1,0,0.9,apricot_brandy,,,,,
7.2,31,0.1,0,0.9,apricot_jam,,,,,
7.2,31,0.1,0,0.9,apricot_nectar,,,,,
7.2,31,0.1,0,0.9,apricot_preserve,,,,,
85.2,354,1,1.4,6.4,arborio_rice,,,,,
94,355,0.1,,0.4,arrowroot,,,,,
0,0,14.3,34.8,13.5,arrowroot_powder,,,,,
2.7,18,0.2,,2.8,artichoke,,,,,
2.7,18,0.2,,2.8,artichoke_heart,,,,,
0,18,0.4,1.7,3.6,arugula,,,,,
0,0,1.1,,4,asafetida,,,,,
0,0,14.3,34.8,13.5,asafoetida_powder,,,,,
0.1,381,31.8,0,23.7,asiago_cheese,,,,,
19.16,93,0.93,2.2,1.93,asian_fish_sauce,,,,,
0,899,99.9,0,0,asian_sesame_oil,,,,,
2,25,0.6,0,2.9,asparagu,,,,,
2,25,0.6,0,2.9,asparagus_spear,,,,,
2.2,15,0.4,0,0.9,aubergine,,,,,
1.9,190,19.5,0,1.9,avocado,,,,,
0,899,99.9,0,0,avocado_oil,,,,,
0.3,7,0.2,0.7,1,baby_bella_mushroom,,,,,
0.3,7,0.2,0.7,1,baby_portabella_mushroom,,,,,
0,276,23.6,,15.8,bacon,,,,,
0,276,23.6,,15.8,bacon_bit,,,,,
0,276,23.6,,15.8,bacon_dripping,,,,,
0,276,23.6,,15.8,bacon_grease,,,,,
0,276,23.6,,15.8,bacon_lardon,,,,,
0,276,23.6,,15.8,bacon_strip,,,,,
1.6,25,0.8,0,2.8,bag_baby_spinach,,,,,
63.5,510,28,0,5,bag_chocolate_chip,,,,,
63.5,510,28,0,5,bag_semi_sweet_chocolate_chip,,,,,
63.5,510,28,0,5,bag_semisweet_chocolate_chip,,,,,
63.5,510,28,0,5,bag_tortilla_chip,,,,,
56.1,263,1.9,3.3,9,baguette,,,,,
0.4,22,1,0,3,bag_watercres,,,,,
11.5,312,21.7,0,18.5,baking_cocoa,,,,,
37.8,163,0,0,5.2,baking_mix,,,,,
19.6,82,0.1,2,1.9,baking_potato,,,,,
37.8,163,0,0,5.2,baking_powder,,,,,
0,0,0,,0,baking_soda,,,,,
0.6,22,0,0,0.4,balsalmic_vinegar,,,,,
17.03,88,0,,0.49,balsamic_vinegar,,,,,
20.3,81,0.1,1.4,1.2,banana,,,,,
63.5,510,28,0,5,banana_chip,,,,,
20.3,81,0.1,1.4,1.2,banana_extract,,,,,
4.3,21,0.2,2.2,0.8,banana_pepper,,,,,
4.3,21,0.2,2.2,0.8,banana_pepper_ring,,,,,
20.3,81,0.1,1.4,1.2,banana_shallot,,,,,
36.1,140,0.1,1.2,1,barbecue_sauce,,,,,
19.16,93,0.93,2.2,1.93,barbeque_sauce,,,,,
83.6,360,1.7,,7.9,barley,,,,,
80.9,352,1.4,4,9.1,barley_flour,,,,,
5.1,40,0.8,0,3.1,basil,,,,,
5.1,40,0.8,0,3.1,basil_pesto,,,,,
83.7,351,0.5,1.1,8.1,basmati_rice,,,,,
19.16,93,0.93,2.2,1.93,bbq_sauce,,,,,
15.7,92,0.6,0,6.9,bean,,,,,
15.7,92,0.6,0,6.9,bean_sprout,,,,,
0,160,8.6,,20.7,beef,,,,,
0,160,8.6,,20.7,beef_base,,,,,
0.2,12,0.2,0.3,2.3,beef_bouillon,,,,,
0,139,6.1,,21.1,beef_brisket,,,,,
0.25,3,0.08,0,0.21,beef_broth,,,,,
0,160,8.6,,20.7,beef_chuck,,,,,
0,160,8.6,,20.7,beef_chuck_roast,,,,,
0,160,8.6,,20.7,beef_consomme,,,,,
0,160,8.6,,20.7,beef_dripping,,,,,
0,175,9.3,,22.7,beef_flank_steak,,,,,
0,125,4.1,,22,beef_round_steak,,,,,
10.3,590,49.8,7.6,25.7,beef_rump_roast,,,,,
0,145,6.5,,21.5,beef_short_rib,,,,,
0,160,8.6,,20.7,beef_sirloin,,,,,
0,125,4.1,,22,beef_sirloin_steak,,,,,
0,160,8.6,,20.7,beef_steak,,,,,
0,85,0.3,0,20.5,beef_stew_meat,,,,,
0.25,3,0.08,0,0.21,beef_stock,,,,,
0,160,8.6,,20.7,beef_suet,,,,,
0,160,8.6,,20.7,beef_tenderloin,,,,,
0,160,8.6,,20.7,beef_tongue,,,,,
0,125,4.1,,22,beef_top_sirloin_steak,,,,,
2.2,30,0,0,0.3,beer,,,,,
7.6,36,0.1,,1.7,beet,,,,,
4.3,21,0.2,2.2,0.8,bell_pepper,,,,,
0,0,0,,0,bicarbonate_of_soda,,,,,
37.8,163,0,0,5.2,biscuit_baking_mix,,,,,
37.8,163,0,0,5.2,bisquick_baking_mix,,,,,
63.5,510,28,0,5,bittersweet_chocolate,,,,,
63.5,510,28,0,5,bittersweet_chocolate_chip,,,,,
15.7,92,0.6,0,6.9,black_bean,,,,,
15.7,92,0.6,0,6.9,black_bean_sauce,,,,,
5.1,25,0.2,0,0.9,blackberry,,,,,
5.1,25,0.2,0,0.9,blackberry_jam,,,,,
0,0,28.8,,24.9,black_mustard_seed,,,,,
0,103,11,0,0.9,black_olive,,,,,
8,35,0.1,2.2,1,black_onion_seed,,,,,
0,0,3.3,25.3,10.4,black_pepper,,,,,
0,0,3.3,25.3,10.4,black_peppercorn,,,,,
0,0,3.3,25.3,10.4,black_pepper_powder,,,,,
55.7,309,5,7,13.8,black_quinoa,,,,,
0,0,0,0,0,black_salt,,,,,
0.9,598,58,0,18.2,black_sesame_seed,,,,,
68.8,266,0.1,,0,blackstrap_molas,,,,,
0,0,3.3,25.3,10.4,black_treacle,,,,,
3.3,688,68.5,0,14.7,black_walnut,,,,,
6.9,612,55.8,0,21.1,blanched_almond,,,,,
6.9,612,55.8,0,21.1,blanched_almond_flour,,,,,
6,650,63.5,6.9,14.1,blanched_hazelnut,,,,,
6.9,612,55.8,0,21.1,blanched_slivered_almond,,,,,
0.1,381,31.8,0,23.7,bleu_cheese,,,,,
0.1,381,31.8,0,23.7,block_cream_cheese,,,,,
8.6,36,0,0,0.9,blood_orange_juice,,,,,
8.2,36,0.2,1.2,0.8,blood_orange_zest,,,,,
9.1,40,0.2,1.5,0.9,blueberry,,,,,
0.1,410,35,0,23.7,blue_cheese,,,,,
0.1,410,35,0,23.7,blue_cheese_dressing,,,,,
0.1,410,35,0,23.7,blue_cheese_salad_dressing,,,,,
53.9,285,5.7,3.6,7.8,blue_corn_tortilla_chip,,,,,
0.1,410,35,0,23.7,blue_curacao,,,,,
0.1,410,35,0,23.7,blue_food_coloring,,,,,
0,108,2.1,0,22.3,bone_in_chicken_piece,,,,,
1,107,3.3,0.1,18.4,bone_in_ham,,,,,
0,147,6.5,,22,bone_in_pork_chop,,,,,
0,160,8.6,,20.7,boneless_beef_chuck_roast,,,,,
0,145,6.5,,21.5,boneless_beef_short_rib,,,,,
0,108,2.1,0,22.3,boneless_chicken_breast,,,,,
0,193,13.3,,18.3,boneless_chicken_thigh,,,,,
1,107,3.3,0.1,18.4,boneless_ham,,,,,
0,147,6.5,,22,boneless_pork_chop,,,,,
0,147,6.5,,22,boneless_pork_loin,,,,,
0,147,6.5,,22,boneless_pork_loin_roast,,,,,
0,147,6.5,,22,boneless_pork_roast,,,,,
0,147,6.5,,22,boneless_pork_shoulder,,,,,
0,147,6.5,,22,boneless_pork_shoulder_roast,,,,,
0,108,2.1,0,22.3,boneless_skinless_chicken,,,,,
0,108,2.1,0,22.3,boneless_skinless_chicken_tender,,,,,
0,105,0.8,0,24.4,boneless_turkey_breast,,,,,
10.3,590,49.8,7.6,25.7,bottom_round_roast,,,,,
75.6,343,1.6,0,11.3,bow_tie_pasta,,,,,
75.6,343,1.6,0,11.3,bowtie_pasta,,,,,
80.9,352,1.4,4,9.1,box_chocolate_cake_mix,,,,,
79.2,364,2.1,3.7,12,box_couscou,,,,,
75.6,343,1.6,0,11.3,box_penne_pasta,,,,,
69.3,272,0.4,0,2.1,box_raisin,,,,,
22,169,8.2,0.2,3.2,box_vanilla_wafer,,,,,
80.9,352,1.4,4,9.1,box_white_cake_mix,,,,,
80.9,352,1.4,4,9.1,box_yellow_cake_mix,,,,,
11.6,51,0.5,1.2,0.6,bramley_apple,,,,,
8.2,36,0.2,1.2,0.8,brandy_based_orange_liqueur,,,,,
11.6,581,49.1,0,23.8,brazil_nut,,,,,
47,230,2.3,2.8,8.3,bread,,,,,
0.6,744,82.2,0,0.6,bread_and_butter_pickle,,,,,
47,230,2.3,2.8,8.3,bread_bowl,,,,,
79.2,353,1.2,3.3,11.3,bread_flour,,,,,
47,230,2.3,2.8,8.3,bread_machine_yeast,,,,,
9.6,309,25,2.8,11.9,breakfast_sausage,,,,,
0.3,2,0,0,0.2,brewed_coffee,,,,,
0.1,381,31.8,0,23.7,brie_cheese,,,,,
0,139,6.1,,21.1,brisket,,,,,
15.7,92,0.6,0,6.9,broad_bean,,,,,
3.2,34,0.6,4,4.3,broccoli,,,,,
3.2,34,0.6,4,4.3,broccoli_crown,,,,,
3.2,34,0.6,4,4.3,broccoli_floret,,,,,
3.2,34,0.6,4,4.3,broccoli_floweret,,,,,
3.2,34,0.6,4,4.3,broccoli_slaw,,,,,
0.2,12,0.2,0.3,2.3,broth,,,,,
83.7,351,0.5,1.1,8.1,brown_basmati_rice,,,,,
83.7,351,0.5,1.1,8.1,brown_jasmine_rice,,,,,
48.8,297,1.9,,24.3,brown_lentil,,,,,
4.2,140,10.2,0,8.2,brown_mustard,,,,,
0,0,28.8,,24.9,brown_mustard_seed,,,,,
82.1,366,3.1,3.5,7.5,brown_rice,,,,,
82.1,366,3.1,3.5,7.5,brown_rice_flour,,,,,
82.1,366,3.1,3.5,7.5,brown_rice_syrup,,,,,
19.16,93,0.93,2.2,1.93,brown_sauce,,,,,
101.3,380,0,0,0.1,brown_sugar,,,,,
4.1,42,1.4,0,3.5,brussels_sprout,,,,,
80.9,352,1.4,4,9.1,buckwheat_flour,,,,,
19.16,93,0.93,2.2,1.93,buffalo_sauce,,,,,
19.16,93,0.93,2.2,1.93,buffalo_wing_sauce,,,,,
16.3,98,0.6,0,7.9,bulb_roasted_garlic,,,,,
3.3,20,0.2,,1.5,bulb_shallot,,,,,
77.8,352,2,6.7,10.6,bulgur,,,,,
9.6,309,25,2.8,11.9,bulk_italian_sausage,,,,,
9.6,309,25,2.8,11.9,bulk_mild_italian_sausage,,,,,
9.6,309,25,2.8,11.9,bulk_pork_sausage,,,,,
9.6,309,25,2.8,11.9,bulk_sausage,,,,,
51.5,254,2.6,2.6,9.3,bun,,,,,
51.5,254,2.6,2.6,9.3,burger_bun,,,,,
0.6,75,0,0,0.1,burgundy_wine,,,,,
0.6,744,82.2,0,0.6,butter,,,,,
0.6,744,82.2,0,0.6,butter_bread,,,,,
0.6,744,82.2,0,0.6,butter_extract,,,,,
0.6,744,82.2,0,0.6,butter_flavored_cooking_spray,,,,,
0.6,744,82.2,0,0.6,butter_flavored_crisco,,,,,
0.6,744,82.2,0,0.6,butter_milk,,,,,
37.8,163,0,0,5.2,buttermilk_baking_mix,,,,,
8.3,36,0.1,,1.1,butternut_squash,,,,,
63.5,510,28,0,5,butterscotch_chip,,,,,
69.7,445,16.4,3.9,8.9,buttery_round_cracker,,,,,
0.3,7,0.2,0.7,1,button_mushroom,,,,,
4.4,26,0.2,3.5,1.8,cabbage,,,,,
0.6,22,0,0,0.4,cabernet_sauvignon_vinegar,,,,,
80.9,352,1.4,4,9.1,cake_compressed_fresh_yeast,,,,,
80.9,352,1.4,4,9.1,cake_flour,,,,,
80.9,352,1.4,4,9.1,cake_mix,,,,,
0,0,14.3,34.8,13.5,california_mild_chili_powder,,,,,
105,394,0,0,0,cane_sugar,,,,,
76.6,282,0,,0,cane_syrup,,,,,
15.7,92,0.6,0,6.9,cannellini_bean,,,,,
0,0,0,0,0,canning_salt,,,,,
0,899,99.9,0,0,canola_oil_spray,,,,,
1.7,496,53.7,0,1.6,cans_cream_of_potato_soup,,,,,
3,14,0.1,1,0.5,cans_petite_diced_tomato,,,,,
0,0,0,0,0,cans_tuna_in_water,,,,,
4.2,19,0.1,1.8,0.6,cantaloupe,,,,,
22,169,8.2,0.2,3.2,caramel_ice_cream_topping,,,,,
8,35,0.1,2.2,1,caramelized_onion,,,,,
19.16,93,0.93,2.2,1.93,caramel_sauce,,,,,
0,0,14.6,,19.8,caraway_seed,,,,,
0,0,0,0,0,carbonated_water,,,,,
0,0,6.7,,10.8,cardamom,,,,,
68.47,311,6.7,28,10.76,cardamom_pod,,,,,
0,0,6.7,,10.8,cardamom_powder,,,,,
0.9,598,58,0,18.2,cardamom_seed,,,,,
0,0,14.3,34.8,13.5,carob_powder,,,,,
0.9,598,58,0,18.2,carom_seed,,,,,
7.7,34,0.4,3.9,0.5,carrot,,,,,
7.7,34,0.4,3.9,0.5,carrot_juice,,,,,
0.2,12,0.2,0.3,2.3,carton_chicken_broth,,,,,
2,144,11,,9.4,carton_ricotta_cheese,,,,,
1.7,496,53.7,0,1.6,carton_sour_cream,,,,,
18.1,573,48.2,,17.7,cashew,,,,,
0.6,744,82.2,0,0.6,cashew_butter,,,,,
11.6,581,49.1,0,23.8,cashew_nut,,,,,
105,394,0,0,0,caster_sugar,,,,,
105,394,0,0,0,castor_sugar,,,,,
4.4,30,0.4,1.8,2.5,cauliflower,,,,,
4.4,30,0.4,1.8,2.5,cauliflower_floret,,,,,
31.7,318,17.3,,12,cayenne,,,,,
31.7,318,17.3,,12,cayenne_pepper,,,,,
31.7,318,17.3,,12,cayenne_pepper_sauce,,,,,
31.7,318,17.3,,12,cayenne_powder,,,,,
4.3,21,0.2,2.2,0.8,cayenne_red_pepper,,,,,
0.9,7,0.2,0,0.5,celery,,,,,
0.9,7,0.2,0,0.5,celery_root,,,,,
0,0,0,0,0,celery_salt,,,,,
0.9,7,0.2,0,0.5,celery_seed,,,,,
0,0,0,0,0,celtic_sea_salt,,,,,
0.6,22,0,0,0.4,champagne_vinegar,,,,,
0.6,75,0,0,0.1,chardonnay_wine,,,,,
0.1,416,34.9,0,25.4,cheddar,,,,,
0.1,416,34.9,0,25.4,cheddar_cheese,,,,,
0.1,381,31.8,0,23.7,cheddar_jack_cheese,,,,,
0.1,381,31.8,0,23.7,cheese,,,,,
11.5,48,0.1,0,0.9,cherry,,,,,
11.5,48,0.1,0,0.9,cherry_brandy,,,,,
11.5,48,0.1,0,0.9,cherry_jam,,,,,
1.6,7,0,0,0.3,cherry_juice,,,,,
11.5,48,0.1,0,0.9,cherry_pie_filling,,,,,
11.5,48,0.1,0,0.9,cherry_preserve,,,,,
3.6,22,0.5,1.3,1.1,cherry_tomato,,,,,
37.8,237,3.9,,23.2,chervil,,,,,
36.6,170,2.7,0,2,chestnut,,,,,
0.3,7,0.2,0.7,1,chestnut_mushroom,,,,,
0.9,598,58,0,18.2,chia_seed,,,,,
0,108,2.1,0,22.3,chicken,,,,,
0,108,2.1,0,22.3,chicken_base,,,,,
0.2,12,0.2,0.3,2.3,chicken_bouillon,,,,,
0.2,12,0.2,0.3,2.3,chicken_bouillon_powder,,,,,
0,108,2.1,0,22.3,chicken_breast,,,,,
0,108,2.1,0,22.3,chicken_breast_tender,,,,,
0,108,2.1,0,22.3,chicken_breast_tenderloin,,,,,
0.2,12,0.2,0.3,2.3,chicken_broth,,,,,
0,108,2.1,0,22.3,chicken_cutlet,,,,,
0,108,2.1,0,22.3,chicken_drumstick,,,,,
0,108,2.1,0,22.3,chicken_gizzard,,,,,
0,193,13.3,,18.3,chicken_leg,,,,,
0,92,2.3,,17.7,chicken_liver,,,,,
0,85,0.3,0,20.5,chicken_meat,,,,,
0,108,2.1,0,22.3,chicken_sausage,,,,,
0,108,2.1,0,22.3,chicken_seasoning,,,,,
0.2,12,0.2,0.3,2.3,chicken_stock,,,,,
0,108,2.1,0,22.3,chicken_tender,,,,,
0,108,2.1,0,22.3,chicken_tenderloin,,,,,
0,193,13.3,,18.3,chicken_thigh,,,,,
0,108,2.1,0,22.3,chicken_wing,,,,,
16.1,115,2.9,0,7.2,chickpea,,,,,
80.9,352,1.4,4,9.1,chickpea_flour,,,,,
19.16,93,0.93,2.2,1.93,chile_garlic_sauce,,,,,
0,0,14.3,34.8,13.5,chile_powder,,,,,
0,899,99.9,0,0,chili_oil,,,,,
4.2,26,0.3,,1.8,chili_pepper,,,,,
0,0,14.3,34.8,13.5,chili_powder,,,,,
7.3,40,0.8,2.2,1.3,chili_sauce,,,,,
4.2,26,0.3,,1.8,chili_seasoning,,,,,
0.6,744,82.2,0,0.6,chilled_butter,,,,,
1.7,496,53.7,0,1.6,chilled_heavy_cream,,,,,
4.2,26,0.3,,1.8,chili,,,,,
0.6,75,0,0,0.1,chinese_cooking_wine,,,,,
0,0,14.3,34.8,13.5,chinese_five_spice_powder,,,,,
83.7,351,0.5,1.1,8.1,chinese_rice_wine,,,,,
4.2,26,0.3,,1.8,chipotle,,,,,
19.16,93,0.93,2.2,1.93,chipotle_adobo_sauce,,,,,
4.2,26,0.3,,1.8,chipotle_chili_in_adobo_sauce,,,,,
4.2,26,0.3,,1.8,chipotle_chili_pepper,,,,,
0,0,14.3,34.8,13.5,chipotle_chili_powder,,,,,
2.4,686,74.8,0,1.1,chipotle_mayonnaise,,,,,
4.3,21,0.2,2.2,0.8,chipotle_pepper,,,,,
4.2,26,0.3,,1.8,chipotle_powder,,,,,
19.16,93,0.93,2.2,1.93,chipotle_sauce,,,,,
1.9,27,0.7,2.5,3.3,chive,,,,,
63.5,510,28,0,5,chocolate,,,,,
63.5,510,28,0,5,chocolate_bar,,,,,
63.5,510,28,0,5,chocolate_chip,,,,,
63.5,510,28,0,5,chocolate_cocoa,,,,,
11.5,312,21.7,0,18.5,chocolate_cocoa_powder,,,,,
63.5,510,28,0,5,chocolate_confectioners_coating,,,,,
63.5,510,28,0,5,chocolate_cookie_crumb,,,,,
63.5,510,28,0,5,chocolate_curl,,,,,
63.5,510,28,0,5,chocolate_extract,,,,,
63.5,510,28,0,5,chocolate_frosting,,,,,
6,650,63.5,6.9,14.1,chocolate_hazelnut_spread,,,,,
22,169,8.2,0.2,3.2,chocolate_ice_cream,,,,,
0,0,14.3,34.8,13.5,chocolate_protein_powder,,,,,
63.5,510,28,0,5,chocolate_pudding_mix,,,,,
19.16,93,0.93,2.2,1.93,chocolate_sauce,,,,,
63.5,510,28,0,5,chocolate_shaving,,,,,
63.5,510,28,0,5,chocolate_sprinkle,,,,,
63.5,510,28,0,5,chocolate_syrup,,,,,
0,0,14.3,34.8,13.5,chocolate_whey_protein_powder,,,,,
19.16,93,0.93,2.2,1.93,cholula_hot_sauce,,,,,
2.7,34,1.3,0,3,chopped_parsley_for_garnish,,,,,
2.4,395,32.2,1,24,chorizo,,,,,
2.4,395,32.2,1,24,chorizo_sausage,,,,,
72.6,338,2,0,12,chow_mein_noodle,,,,,
13.1,607,51.8,6.6,22.8,chunky_peanut_butter,,,,,
2.6,36,0,0,0,cider,,,,,
0.93,21,0,0,0,cider_vinegar,,,,,
1.2,18,0.5,2.8,2.1,cilantro,,,,,
1.2,18,0.5,2.8,2.1,cilantro_for_garnish,,,,,
1.2,18,0.5,2.8,2.1,cilantro_powder,,,,,
0,0,17.8,41.9,12.4,cilantro_seed,,,,,
0,0,1.2,53.1,4,cinnamon,,,,,
0,0,1.2,53.1,4,cinnamon_applesauce,,,,,
0,0,1.2,53.1,4,cinnamon_baking_chip,,,,,
0,0,1.2,53.1,4,cinnamon_chip,,,,,
0,0,1.2,53.1,4,cinnamon_graham_cracker_crumb,,,,,
0,899,99.9,0,0,cinnamon_oil,,,,,
0,0,1.2,53.1,4,cinnamon_powder,,,,,
0,0,1.2,53.1,4,cinnamon_red_hot_candy,,,,,
105,394,0,0,0,cinnamon_sugar,,,,,
105,394,0,0,0,cinnamon_sugar_mixture,,,,,
3.57,86,0.96,0,14.67,clam,,,,,
1.6,7,0,0,0.3,clam_juice,,,,,
0.6,744,82.2,0,0.6,clarified_butter,,,,,
76.4,288,0,0,0.4,clear_honey,,,,,
22,169,8.2,0.2,3.2,clear_vanilla_extract,,,,,
1.7,496,53.7,0,1.6,clotted_cream,,,,,
0,0,20.1,,6,clove,,,,,
76.4,288,0,0,0.4,clover_honey,,,,,
16.3,98,0.6,0,7.9,cloves_roasted_garlic,,,,,
0,0,0,,0,club_soda,,,,,
9.7,139,8.2,0,7.1,coarse_grained_dijon_mustard,,,,,
19.16,93,0.93,2.2,1.93,cocktail_sauce,,,,,
11.5,312,21.7,0,18.5,cocoa,,,,,
11.5,312,21.7,0,18.5,cocoa_krispies_cereal,,,,,
11.5,312,21.7,0,18.5,cocoa_nib,,,,,
11.5,312,21.7,0,18.5,cocoa_powder,,,,,
3.7,351,36,,3.2,coconut,,,,,
0.6,744,82.2,0,0.6,coconut_butter,,,,,
4.9,22,0.3,,0.3,coconut_cream,,,,,
3.7,351,36,,3.2,coconut_extract,,,,,
80.9,352,1.4,4,9.1,coconut_flour,,,,,
0,85,0.3,0,20.5,coconut_meat,,,,,
4.9,22,0.3,,0.3,coconut_milk,,,,,
0,899,99.9,0,0,coconut_oil,,,,,
105,394,0,0,0,coconut_palm_sugar,,,,,
3.7,351,36,,3.2,coconut_rum,,,,,
105,394,0,0,0,coconut_sugar,,,,,
0,0,0,0,0,coconut_water,,,,,
0,75,0.6,0,17.5,cod,,,,,
0.3,2,0,0,0.2,coffee,,,,,
15.7,92,0.6,0,6.9,coffee_bean,,,,,
0.3,2,0,0,0.2,coffee_extract,,,,,
22,169,8.2,0.2,3.2,coffee_ice_cream,,,,,
0.3,2,0,0,0.2,coffee_powder,,,,,
0.1,381,31.8,0,23.7,cojita_cheese,,,,,
0.1,381,31.8,0,23.7,colby_cheese,,,,,
0.1,381,31.8,0,23.7,colby_jack_cheese,,,,,
0.1,381,31.8,0,23.7,colby_monterey_jack_cheese,,,,,
105,394,0,0,0,confectionary_sugar,,,,,
104.9,393,0,0,0,confectioners_sugar,,,,,
0.6,744,82.2,0,0.6,cookie_butter,,,,,
0.9,598,58,0,18.2,coriander_seed,,,,,
8.1,60,1.8,0,3.4,corn,,,,,
8.1,60,1.8,0,3.4,corn_chex,,,,,
63.5,510,28,0,5,corn_chip,,,,,
8.1,60,1.8,0,3.4,corned_beef,,,,,
8.1,60,1.8,0,3.4,corned_beef_brisket,,,,,
80.9,352,1.4,4,9.1,corn_flour,,,,,
92,354,0.7,0,0.6,cornflour,,,,,
8.1,60,1.8,0,3.4,corn_meal,,,,,
15.2,68,0.4,1.7,1.9,cornmeal,,,,,
0,899,99.9,0,0,corn_oil,,,,,
76.6,282,0,,0,corn_syrup,,,,,
53.9,285,5.7,3.6,7.8,corn_tortilla,,,,,
53.9,285,5.7,3.6,7.8,corn_tortilla_chip,,,,,
0.1,381,31.8,0,23.7,cotija_cheese,,,,,
3.1,103,6,0,9.4,cottage_cheese,,,,,
0,147,6.5,,22,country_style_pork_rib,,,,,
1.8,18,0.4,0,1.8,courgette,,,,,
79.2,364,2.1,3.7,12,couscou,,,,,
0,85,0.3,0,20.5,crab,,,,,
0,85,0.3,0,20.5,crab_meat,,,,,
0,85,0.3,0,20.5,crabmeat,,,,,
0,0,3.3,25.3,10.4,cracked_black_pepper,,,,,
0,0,3.3,25.3,10.4,cracked_black_peppercorn,,,,,
4.3,21,0.2,2.2,0.8,cracked_pepper,,,,,
69.7,445,16.4,3.9,8.9,cracker,,,,,
3.4,15,0.1,,0.4,cranberry,,,,,
12.1,45,0,0,0,cranberry_juice,,,,,
12.1,45,0,0,0,cranberry_juice_cocktail,,,,,
19.16,93,0.93,2.2,1.93,cranberry_sauce,,,,,
1.7,496,53.7,0,1.6,cream,,,,,
0.1,381,31.8,0,23.7,cream_cheese,,,,,
0.1,381,31.8,0,23.7,cream_cheese_frosting,,,,,
1.7,496,53.7,0,1.6,creamed_corn,,,,,
1.7,496,53.7,0,1.6,creamed_horseradish,,,,,
1.7,496,53.7,0,1.6,cream_of_chicken_soup,,,,,
1.7,496,53.7,0,1.6,cream_of_mushroom_soup,,,,,
0,239,0,,0,cream_of_tartar,,,,,
1.7,496,53.7,0,1.6,cream_sherry,,,,,
1.7,496,53.7,0,1.6,cream_soda,,,,,
13.1,607,51.8,6.6,22.8,creamy_peanut_butter,,,,,
2.4,378,40,0,2.2,creme_fraiche,,,,,
0.3,7,0.2,0.7,1,cremini_mushroom,,,,,
4.2,140,10.2,0,8.2,creole_mustard,,,,,
0.3,7,0.2,0.7,1,crimini_mushroom,,,,,
0,899,99.9,0,0,crisco_oil,,,,,
83.7,351,0.5,1.1,8.1,crisp_rice_cereal,,,,,
13.1,607,51.8,6.6,22.8,crunchy_peanut_butter,,,,,
52.3,247,1.6,2.8,9.2,crusty_bread,,,,,
4,17,0.1,0.4,0.3,cubed_honeydew,,,,,
0.9,598,58,0,18.2,cubed_seeded_watermelon,,,,,
0.2,12,0.2,0.3,2.3,cubes_bouillon,,,,,
0.2,12,0.2,0.3,2.3,cube_vegetable_bouillon,,,,,
1.2,14,0.6,0.7,1,cucumber,,,,,
0,0,22.3,10.5,17.8,cumin,,,,,
0,0,22.3,10.5,17.8,cumin_powder,,,,,
0,0,22.3,10.5,17.8,cumin_seed,,,,,
2.7,34,1.3,0,3,curly_parsley,,,,,
67.8,267,0.4,,2.3,currant,,,,,
13.3,97,1.3,,7.9,curry,,,,,
26.1,233,10.8,0,9.5,curry_powder,,,,,
1.7,496,53.7,0,1.6,daisy_brand_sour_cream,,,,,
31.3,124,0.1,0,1.5,date,,,,,
8.3,36,0.1,,1.1,delicata_squash,,,,,
1,107,3.3,0.1,18.4,deli_ham,,,,,
104.5,394,0,0,0.5,demerara_sugar,,,,,
3.7,351,36,,3.2,desiccated_coconut,,,,,
4.2,140,10.2,0,8.2,dijion_mustard,,,,,
9.7,139,8.2,0,7.1,dijon,,,,,
9.7,139,8.2,0,7.1,dijon_mustard,,,,,
4.2,140,10.2,0,8.2,dijon_style_mustard,,,,,
0.9,25,0.8,,3.7,dill,,,,,
0.9,25,0.8,,3.7,dill_pickle,,,,,
0.9,25,0.8,,3.7,dill_pickle_juice,,,,,
0.9,25,0.8,,3.7,dill_pickle_relish,,,,,
0.9,25,0.8,,3.7,dill_pickle_spear,,,,,
0.9,598,58,0,18.2,dill_seed,,,,,
0.9,25,0.8,,3.7,dill_weed,,,,,
0.6,22,0,0,0.4,distilled_vinegar,,,,,
75.6,343,1.6,0,11.3,ditalini_pasta,,,,,
37.8,163,0,0,5.2,double_acting_baking_powder,,,,,
1.7,496,53.7,0,1.6,double_cream,,,,,
15.7,92,0.6,0,6.9,dried_navy_bean,,,,,
15.7,92,0.6,0,6.9,dried_red_bean,,,,,
0,899,99.9,0,0,drops_peppermint_oil,,,,,
6.8,30,0.1,0,0.8,drops_pink_food_coloring,,,,,
4.3,21,0.2,2.2,0.8,dr_pepper,,,,,
11.3,83,1.5,5.3,6.9,dry_black_eyed_pea,,,,,
15.7,92,0.6,0,6.9,dry_great_northern_bean,,,,,
0,137,6.5,0,19.7,duck_breast,,,,,
0,131,9,0,12.6,duck_egg,,,,,
0,137,6.5,0,19.7,duck_fat,,,,,
0,137,6.5,0,19.7,duck_leg,,,,,
11.5,312,21.7,0,18.5,dutch_cocoa_powder,,,,,
11.5,312,21.7,0,18.5,dutch_process_cocoa,,,,,
11.5,312,21.7,0,18.5,dutch_process_cocoa_powder,,,,,
0,0,0,0,0,each_of_salt_and_pepper,,,,,
0,0,0,0,0,each_salt_and_black_pepper,,,,,
8.1,60,1.8,0,3.4,ear_corn,,,,,
8.1,60,1.8,0,3.4,ears_sweet_corn,,,,,
15.7,92,0.6,0,6.9,edamame_bean,,,,,
0,131,9,0,12.6,egg,,,,,
0,131,9,0,12.6,egg_beater,,,,,
0,131,9,0,12.6,egg_nog,,,,,
72.6,338,2,0,12,egg_noodle,,,,,
2.2,15,0.4,0,0.9,eggplant,,,,,
0,131,9,0,12.6,egg_roll_wrapper,,,,,
0,131,9,0,12.6,egg_wash,,,,,
0,43,0,0,10.8,egg_white,,,,,
0,347,31.3,0,16.4,egg_yolk,,,,,
75.6,343,1.6,0,11.3,elbow_macaroni,,,,,
75.6,343,1.6,0,11.3,elbow_pasta,,,,,
19.16,93,0.93,2.2,1.93,enchilada_sauce,,,,,
1.2,14,0.6,0.7,1,english_cucumber,,,,,
4.2,140,10.2,0,8.2,english_mustard,,,,,
20.7,452,28.7,0,28.9,english_mustard_powder,,,,,
11.3,83,1.5,5.3,6.9,english_pea,,,,,
0.3,7,0.2,0.7,1,enoki_mushroom,,,,,
8,35,0.1,2.2,1,envelope_onion_soup_mix,,,,,
0.3,2,0,0,0.2,espresso_coffee,,,,,
1.6,7,0,0,0.3,evaporated_cane_juice,,,,,
1.6,7,0,0,0.3,evaporated_cane_juice_sugar,,,,,
12.7,166,9.4,0,8.4,evaporated_milk,,,,,
0,225,16.2,0,19.7,extra_lean_ground_beef,,,,,
0,105,1.6,0,22.6,extra_lean_ground_turkey,,,,,
0.1,416,34.9,0,25.4,extra_sharp_cheddar_cheese,,,,,
0,899,99.9,0,0,extra_virgin_oil,,,,,
0,899,99.9,0,0,extra_virgin_olive_oil,,,,,
75.6,343,1.6,0,11.3,farfalle_pasta,,,,,
3.5,169,1.5,0,35.6,fast_action_yeast,,,,,
0.1,381,31.8,0,23.7,fat_free_cream_cheese,,,,,
12.7,166,9.4,0,8.4,fat_free_evaporated_milk,,,,,
4.8,133,10.2,0,5.7,fat_free_plain_yogurt,,,,,
1.7,496,53.7,0,1.6,fat_free_sour_cream,,,,,
22,169,8.2,0.2,3.2,fat_free_vanilla_yogurt,,,,,
1.8,12,0.2,0,0.9,fennel,,,,,
1.8,12,0.2,0,0.9,fennel_bulb,,,,,
0,0,14.9,,15.8,fennel_seed,,,,,
0.9,598,58,0,18.2,fenugreek_seed,,,,,
1.5,250,20.2,0,15.6,feta,,,,,
1.5,250,20.2,0,15.6,feta_cheese,,,,,
72.6,338,2,0,12,fettuccine_noodle,,,,,
75.6,343,1.6,0,11.3,fettuccine_pasta,,,,,
75.6,343,1.6,0,11.3,fettuccini_pasta,,,,,
9.5,43,0.3,,1.3,fig,,,,,
9.5,43,0.3,,1.3,fig_jam,,,,,
9.5,43,0.3,,1.3,fig_preserve,,,,,
0,0,14.3,34.8,13.5,file_powder,,,,,
0,168,9.8,0,20,fillets_sea_bas,,,,,
0,0,0,0,0,filtered_water,,,,,
0,0,0,0,0,fine_grain_sea_salt,,,,,
19.6,82,0.1,2,1.9,fingerling_potato,,,,,
19.16,93,0.93,2.2,1.93,fish_sauce,,,,,
0.4,16,0.6,0,2,fish_stock,,,,,
0,0,0,0,0,flaky_sea_salt,,,,,
0,175,9.3,,22.7,flank_steak,,,,,
0,125,4.1,,22,flat_iron_steak,,,,,
2.7,34,1.3,0,3,flat_leaf_parsley,,,,,
2.7,34,1.3,0,3,flatleaf_parsley,,,,,
0.9,598,58,0,18.2,flax_seed,,,,,
0.9,598,58,0,18.2,flax_seed_meal,,,,,
0,82,1.8,,16.4,flounder_fillet,,,,,
80.9,352,1.4,4,9.1,flour,,,,,
53.9,285,5.7,3.6,7.8,flour_tortilla,,,,,
19.6,82,0.1,2,1.9,floury_potato,,,,,
8.1,44,0.8,2,1.8,fluid_ginger_syrup,,,,,
1.6,7,0,0,0.3,fluid_pear_juice,,,,,
105,394,0,0,0,fondant_icing_sugar,,,,,
0.1,381,31.8,0,23.7,fontina_cheese,,,,,
0,131,9,0,12.6,free_range_egg,,,,,
0,43,0,0,10.8,free_range_egg_white,,,,,
0,347,31.3,0,16.4,free_range_egg_yolk,,,,,
15.7,92,0.6,0,6.9,french_bean,,,,,
56.1,263,1.9,3.3,9,french_bread,,,,,
8,35,0.1,2.2,1,french_fried_onion,,,,,
48.8,297,1.9,,24.3,french_green_lentil,,,,,
22,169,8.2,0.2,3.2,french_vanilla_ice_cream,,,,,
0,0,3.3,25.3,10.4,fresh_ground_black_pepper,,,,,
0,0,36.3,20.8,5.8,freshly_ground_nutmeg,,,,,
4.2,26,0.3,,1.8,fresh_poblano_chili_pepper,,,,,
1.6,7,0,0,0.3,fresh_squeezed_lemon_juice,,,,,
1.6,9,0.1,,0.4,fresh_squeezed_lime_juice,,,,,
8.1,33,0,0,0.6,fresh_squeezed_orange_juice,,,,,
1.6,7,0,0,0.3,fruit_juice,,,,,
4.7,46,1.7,0,3.5,full_cream_milk,,,,,
4.9,22,0.3,,0.3,full_fat_coconut_milk,,,,,
0.1,381,31.8,0,23.7,full_fat_cream_cheese,,,,,
2.4,378,40,0,2.2,full_fat_creme_fraiche,,,,,
4.7,46,1.7,0,3.5,full_fat_milk,,,,,
75.6,343,1.6,0,11.3,fusilli_pasta,,,,,
45.2,379,15.1,0,15.6,garam_masala,,,,,
45.2,379,15.1,0,15.6,garam_masala_powder,,,,,
15.7,92,0.6,0,6.9,garbanzo_bean,,,,,
15.7,92,0.6,0,6.9,garbanzo_bean_flour,,,,,
16.3,98,0.6,0,7.9,garlic,,,,,
16.3,98,0.6,0,7.9,garlic_bread,,,,,
16.3,98,0.6,0,7.9,garlic_bulb,,,,,
7.3,40,0.8,2.2,1.3,garlic_chili_sauce,,,,,
16.3,98,0.6,0,7.9,garlic_clove,,,,,
0,899,99.9,0,0,garlic_infused_olive_oil,,,,,
0,899,99.9,0,0,garlic_oil,,,,,
4.3,21,0.2,2.2,0.8,garlic_pepper,,,,,
42.7,246,1.2,,18.7,garlic_powder,,,,,
0,0,0,0,0,garlic_salt,,,,,
16.3,98,0.6,0,7.9,garlic_scape,,,,,
0,338,0,0,84.4,gelatin,,,,,
0,338,0,0,84.4,gelatin_powder,,,,,
0,878,97.6,0,0.1,ghee,,,,,
8.1,44,0.8,2,1.8,ginger,,,,,
8.1,44,0.8,2,1.8,ginger_ale,,,,,
8.1,44,0.8,2,1.8,ginger_beer,,,,,
16.3,98,0.6,0,7.9,ginger_garlic_paste,,,,,
8.1,44,0.8,2,1.8,ginger_juice,,,,,
8.1,44,0.8,2,1.8,ginger_powder,,,,,
8.1,44,0.8,2,1.8,ginger_root,,,,,
11.5,48,0.1,0,0.9,glace_cherry,,,,,
80.9,352,1.4,4,9.1,gluten_free_all_purpose_flour,,,,,
37.8,163,0,0,5.2,gluten_free_baking_powder,,,,,
80.9,352,1.4,4,9.1,gluten_free_flour,,,,,
70.7,381,8.1,7.8,10.9,gluten_free_oat,,,,,
80.9,352,1.4,4,9.1,gluten_free_oat_flour,,,,,
101.3,380,0,0,0.1,golden_brown_sugar,,,,,
105,394,0,0,0,golden_caster_sugar,,,,,
69.3,272,0.4,0,2.1,golden_raisin,,,,,
76.6,282,0,,0,golden_syrup,,,,,
0.1,381,31.8,0,23.7,gorgonzola_cheese,,,,,
0.1,381,31.8,0,23.7,gouda_cheese,,,,,
9.7,139,8.2,0,7.1,grainy_dijon_mustard,,,,,
4.2,140,10.2,0,8.2,grainy_mustard,,,,,
11.6,51,0.5,1.2,0.6,granny_smith_apple,,,,,
55.5,310,8,0,7.4,granular_no_calorie_sucralose_sweetener,,,,,
55.5,310,8,0,7.4,granular_sucrolose_sweetener,,,,,
16.1,65,0.2,1.3,0.7,grape,,,,,
6.8,30,0.1,0,0.8,grapefruit,,,,,
8.3,33,0.1,0,0.4,grapefruit_juice,,,,,
6.8,30,0.1,0,0.8,grapefruit_zest,,,,,
16.1,65,0.2,1.3,0.7,grape_jelly,,,,,
1.6,7,0,0,0.3,grape_juice,,,,,
11.6,581,49.1,0,23.8,grape_nuts_cereal,,,,,
0,899,99.9,0,0,grape_seed_oil,,,,,
0,899,99.9,0,0,grapeseed_oil,,,,,
3,14,0.1,1,0.5,grape_tomato,,,,,
0,899,99.9,0,0,greek_imported_olive_oil,,,,,
4.8,133,10.2,0,5.7,greek_style_yogurt,,,,,
3.1,24,0.4,3.4,2.1,green_bean,,,,,
2.6,15,0.3,0,0.8,green_bell_pepper,,,,,
4.1,27,0.2,4.1,2.4,green_cabbage,,,,,
68.47,311,6.7,28,10.76,green_cardamom_pod,,,,,
105,394,0,0,0,green_decorator_sugar,,,,,
19.16,93,0.93,2.2,1.93,green_enchilada_sauce,,,,,
15.2,62,0.2,1.2,0.7,green_grape,,,,,
48.8,297,1.9,,24.3,green_lentil,,,,,
0,103,11,0,0.9,green_olive,,,,,
8,35,0.1,2.2,1,green_onion,,,,,
11.3,83,1.5,5.3,6.9,green_pea,,,,,
2.6,15,0.3,0,0.8,green_pepper,,,,,
3,14,0.1,1,0.5,green_tomato,,,,,
76.6,282,0,,0,grenadine_syrup,,,,,
4.2,140,10.2,0,8.2,grey_poupon_mustard,,,,,
0,0,8.7,,6.1,ground_allspice,,,,,
0,225,16.2,0,19.7,ground_beef,,,,,
0,0,3.3,25.3,10.4,ground_black_pepper,,,,,
0,0,20.1,,6,ground_clove,,,,,
0,0,22.3,10.5,17.8,ground_cumin,,,,,
60,284,3.3,14.1,7.4,ground_ginger,,,,,
0,0,36.3,20.8,5.8,ground_nutmeg,,,,,
0,899,99.9,0,0,groundnut_oil,,,,,
0,105,1.6,0,22.6,ground_turkey,,,,,
0,409,33.3,,27.2,gruyere,,,,,
0,409,33.3,,27.2,gruyere_cheese,,,,,
2.2,30,0,0,0.3,guinness_beer,,,,,
4.3,21,0.2,2.2,0.8,habanero_pepper,,,,,
1.7,496,53.7,0,1.6,half_and_half_cream,,,,,
0,103,1.9,,21.5,halibut,,,,,
0,103,1.9,,21.5,halibut_steak,,,,,
1,107,3.3,0.1,18.4,ham,,,,,
1,107,3.3,0.1,18.4,ham_bone,,,,,
51.5,254,2.6,2.6,9.3,hamburger,,,,,
51.5,254,2.6,2.6,9.3,hamburger_bun,,,,,
0,85,0.3,0,20.5,hamburger_meat,,,,,
1,107,3.3,0.1,18.4,ham_hock,,,,,
0,125,4.1,,22,ham_steak,,,,,
0,131,9,0,12.6,hard_cooked_egg,,,,,
1.9,190,19.5,0,1.9,hass_avocado,,,,,
0.1,381,31.8,0,23.7,havarti_cheese,,,,,
6,650,63.5,6.9,14.1,hazelnut,,,,,
6,650,63.5,6.9,14.1,hazelnut_extract,,,,,
80.9,352,1.4,4,9.1,hazelnut_flour,,,,,
6,650,63.5,6.9,14.1,hazelnut_meal,,,,,
0,899,99.9,,0,hazelnut_oil,,,,,
6,650,63.5,6.9,14.1,hazelnut_spread,,,,,
1.4,11,0.1,1.5,1.2,head_red_leaf_lettuce,,,,,
0.2,76,0,0,0.1,hearty_red_wine,,,,,
3,14,0.1,1,0.5,heirloom_tomato,,,,,
0.9,598,58,0,18.2,hemp_seed,,,,,
19.16,93,0.93,2.2,1.93,hoisin_sauce,,,,,
19.16,93,0.93,2.2,1.93,hoison_sauce,,,,,
0.2,12,0.2,0.3,2.3,homemade_chicken_stock,,,,,
76.4,288,0,0,0.4,honey,,,,,
36.1,140,0.1,1.2,1,honey_barbecue_sauce,,,,,
19.16,93,0.93,2.2,1.93,honey_bbq_sauce,,,,,
4,17,0.1,0.4,0.3,honeydew_melon,,,,,
9.7,139,8.2,0,7.1,honey_dijon_mustard,,,,,
76.4,288,0,0,0.4,honey_ham,,,,,
76.4,288,0,0,0.4,honey_maid_graham_crumb,,,,,
76.4,288,0,0,0.4,honey_mustard,,,,,
10.3,590,49.8,7.6,25.7,honey_roasted_peanut,,,,,
11,62,0.3,,4.5,horseradish,,,,,
4.2,140,10.2,0,8.2,horseradish_mustard,,,,,
19.16,93,0.93,2.2,1.93,horseradish_sauce,,,,,
51.5,254,2.6,2.6,9.3,hot_dog_bun,,,,,
22,169,8.2,0.2,3.2,hot_fudge_ice_cream_topping,,,,,
4.3,21,0.2,2.2,0.8,hot_pepper_sauce,,,,,
19.16,93,0.93,2.2,1.93,hot_wing_sauce,,,,,
6.1,30,0.5,3.8,0.6,hulled_strawberry,,,,,
0,0,12.9,34.9,14.1,hungarian_paprika,,,,,
0,0,0,0,0,ice,,,,,
1.4,11,0.1,1.5,1.2,iceberg_lettuce,,,,,
0,0,0,0,0,ice_cold_water,,,,,
22,169,8.2,0.2,3.2,ice_cream,,,,,
0,0,0,0,0,ice_water,,,,,
105,394,0,0,0,icing_sugar,,,,,
0,85,0.3,0,20.5,imitation_crab_meat,,,,,
0,85,0.3,0,20.5,imitation_crabmeat,,,,,
0.3,2,0,0,0.2,instant_coffee_crystal,,,,,
1.7,496,53.7,0,1.6,irish_cream,,,,,
2.2,30,0,0,0.3,irish_stout_beer,,,,,
79.2,364,2.1,3.7,12,israeli_couscou,,,,,
52,271,3.9,3.3,10.2,italian_bread_crumb,,,,,
0.1,381,31.8,0,23.7,italian_cheese_blend,,,,,
2.7,34,1.3,0,3,italian_flat_leaf_parsley,,,,,
2.7,34,1.3,0,3,italian_parsley,,,,,
9.6,309,25,2.8,11.9,italian_pork_sausage,,,,,
9.6,309,25,2.8,11.9,italian_sausage,,,,,
9.6,309,25,2.8,11.9,italian_sausage_link,,,,,
47,230,2.3,2.8,8.3,italian_seasoned_bread_crumb,,,,,
51.5,254,2.6,2.6,9.3,italian_style_hoagie_bun,,,,,
47,230,2.3,2.8,8.3,italian_style_seasoned_bread_crumb,,,,,
9.6,309,25,2.8,11.9,italian_turkey_sausage,,,,,
0.1,381,31.8,0,23.7,jack_cheese,,,,,
4.2,26,0.3,,1.8,jalapeno,,,,,
4.2,26,0.3,,1.8,jalapeno_chili_pepper,,,,,
4.3,21,0.2,2.2,0.8,jalapeno_pepper,,,,,
69,261,0,0,0.6,jam,,,,,
105,394,0,0,0,jam_sugar,,,,,
83.7,351,0.5,1.1,8.1,jasmine_rice,,,,,
0.3,2,0,0,0.2,jigger_coffee_flavored_liqueur,,,,,
7.6,33,0.1,0,1,jigger_peach_schnapp,,,,,
1.6,7,0,0,0.3,juice,,,,,
7.7,34,0.4,3.9,0.5,julienned_carrot,,,,,
75.6,343,1.6,0,11.3,jumbo_pasta_shell,,,,,
0,77,0.7,0,17.6,jumbo_shrimp,,,,,
0,0,0,0,0,just_boiled_water,,,,,
0.8,9,0.3,,0.7,kaffir_lime_leaf,,,,,
0,103,11,0,0.9,kalamata_olive,,,,,
1.4,33,1.6,0,3.4,kale,,,,,
76.6,282,0,,0,karo_syrup,,,,,
0,0,14.3,34.8,13.5,kashmiri_chili_powder,,,,,
28.6,115,0.1,0.9,1.6,ketchup,,,,,
1.6,9,0.1,,0.4,key_lime_juice,,,,,
0.8,9,0.3,,0.7,key_lime_zest,,,,,
9.6,309,25,2.8,11.9,kielbasa_sausage,,,,,
0,153,8,0,20.2,lamb,,,,,
0,153,8,0,20.2,lamb_shank,,,,,
0,235,18.3,,17.6,lamb_shoulder,,,,,
0,85,0.3,0,20.5,lamb_stew_meat,,,,,
0.2,12,0.2,0.3,2.3,lamb_stock,,,,,
0,891,99,0,0,lard,,,,,
105,394,0,0,0,lavender_sugar,,,,,
0,129,4.3,0,22.5,lean_beef_mince,,,,,
0,147,6.5,,22,lean_ground_pork,,,,,
0,105,1.6,0,22.6,lean_ground_turkey,,,,,
51.5,254,2.6,2.6,9.3,lean_hamburger,,,,,
0.6,744,82.2,0,0.6,leaves_butter_lettuce,,,,,
2.9,22,0.5,0,1.6,leek,,,,,
19.6,82,0.1,2,1.9,leftover_mashed_potato,,,,,
0,153,8,0,20.2,leg_of_lamb,,,,,
2.2,14,0.3,,0.8,lemon,,,,,
2.2,14,0.3,,0.8,lemon_curd,,,,,
2.2,14,0.3,,0.8,lemon_extract,,,,,
1.6,7,0,0,0.3,lemon_juice,,,,,
0,0,0,,0,lemon_lime_soda,,,,,
4.3,21,0.2,2.2,0.8,lemon_pepper,,,,,
4.3,21,0.2,2.2,0.8,lemon_pepper_seasoning,,,,,
2.2,14,0.3,,0.8,lemon_rind,,,,,
2.2,14,0.3,,0.8,lemon_thyme,,,,,
1.6,7,0,0,0.3,lemon_twist,,,,,
2.2,14,0.3,,0.8,lemon_yogurt,,,,,
2.2,14,0.3,,0.8,lemon_zest,,,,,
48.8,297,1.9,,24.3,lentil,,,,,
1.4,11,0.1,1.5,1.2,lettuce,,,,,
15.7,92,0.6,0,6.9,lima_bean,,,,,
0.8,9,0.3,,0.7,lime,,,,,
1.6,9,0.1,,0.4,lime_juice,,,,,
0.8,9,0.3,,0.7,lime_wedge,,,,,
0.8,9,0.3,,0.7,lime_zest,,,,,
75.6,343,1.6,0,11.3,linguine,,,,,
75.6,343,1.6,0,11.3,linguine_pasta,,,,,
75.6,343,1.6,0,11.3,linguini_pasta,,,,,
9.6,309,25,2.8,11.9,links_sweet_italian_sausage,,,,,
0,43,0,0,10.8,liquid_egg_white,,,,,
76.4,288,0,0,0.4,liquid_honey,,,,,
4.9,22,0.3,,0.3,lite_coconut_milk,,,,,
17.9,79,0,0,3,lite_soy_sauce,,,,,
1.4,11,0.1,1.5,1.2,little_gem_lettuce,,,,,
3.57,86,0.96,0,14.67,littleneck_clam,,,,,
47,230,2.3,2.8,8.3,loaf_challah_bread,,,,,
47,230,2.3,2.8,8.3,loaf_ciabatta_bread,,,,,
52.3,247,1.6,2.8,9.2,loaf_crusty_bread,,,,,
56.1,263,1.9,3.3,9,loaf_crusty_french_bread,,,,,
56.1,263,1.9,3.3,9,loaf_french_bread,,,,,
47,230,2.3,2.8,8.3,loaf_frozen_bread_dough,,,,,
52,271,3.9,3.3,10.2,loaf_italian_bread,,,,,
0.1,381,31.8,0,23.7,loaf_processed_cheese,,,,,
47,230,2.3,2.8,8.3,loaf_sourdough_bread,,,,,
48.7,236,2.1,2.9,8.7,loaf_white_bread,,,,,
56.1,263,1.9,3.3,9,loaves_french_bread,,,,,
0,85,0.3,0,20.5,lobster_meat,,,,,
76.4,288,0,0,0.4,local_honey,,,,,
85.1,355,1,1.1,6.7,long_grain_rice,,,,,
85.1,355,1,1.1,6.7,long_grain_white_rice,,,,,
19.16,93,0.93,2.2,1.93,louisiana_hot_sauce,,,,,
19.16,93,0.93,2.2,1.93,louisiana_style_hot_sauce,,,,,
3.1,103,6,0,9.4,low_fat_cottage_cheese,,,,,
0.1,381,31.8,0,23.7,low_fat_cream_cheese,,,,,
2.4,686,74.8,0,1.1,low_fat_mayonnaise,,,,,
4.7,46,1.7,0,3.5,low_fat_milk,,,,,
4.7,46,1.7,0,3.5,lowfat_milk,,,,,
4.8,133,10.2,0,5.7,lowfat_plain_yogurt,,,,,
22,169,8.2,0.2,3.2,low_fat_vanilla_yogurt,,,,,
0.2,12,0.2,0.3,2.3,low_salt_chicken_broth,,,,,
0.2,12,0.2,0.3,2.3,low_sodium_chicken_broth,,,,,
17.9,79,0,0,3,low_sodium_soy_sauce,,,,,
4.7,46,1.7,0,3.5,lukewarm_milk,,,,,
0,0,0,0,0,luke_warm_water,,,,,
0,0,0,0,0,lukewarm_water,,,,,
11.6,581,49.1,0,23.8,macadamia_nut,,,,,
75.6,343,1.6,0,11.3,macaroni,,,,,
72.6,338,2,0,12,macaroni_noodle,,,,,
0,0,32.4,,6.7,mace,,,,,
0,233,17.9,0,18,mackerel_fillet,,,,,
22,169,8.2,0.2,3.2,madagascar_vanilla,,,,,
0.6,75,0,0,0.1,madeira_wine,,,,,
26.1,233,10.8,0,9.5,madras_curry_powder,,,,,
0,0,0,0,0,maldon_sea_salt,,,,,
4.7,46,1.7,0,3.5,malted_milk_powder,,,,,
0,0,14.3,34.8,13.5,malt_powder,,,,,
0.6,22,0,0,0.4,malt_vinegar,,,,,
0.1,381,31.8,0,23.7,manchego_cheese,,,,,
8.1,33,0,0,0.6,mandarin_orange_juice,,,,,
14.1,57,0.2,0,0.7,mango,,,,,
14.1,57,0.2,0,0.7,mango_chutney,,,,,
1.6,7,0,0,0.3,mango_juice,,,,,
14.1,57,0.2,0,0.7,mango_nectar,,,,,
14.1,57,0.2,0,0.7,mango_pulp,,,,,
105,394,0,0,0,maple_sugar,,,,,
76.6,282,0,,0,maple_syrup,,,,,
11.5,48,0.1,0,0.9,maraschino_cherry,,,,,
11.5,48,0.1,0,0.9,maraschino_cherry_juice,,,,,
19.16,93,0.93,2.2,1.93,marinara_sauce,,,,,
42.5,271,7,,12.7,marjoram,,,,,
69.5,261,0,0.5,0.1,marmalade,,,,,
0.6,75,0,0,0.1,marsala_wine,,,,,
1.7,496,53.7,0,1.6,marshmallow_cream,,,,,
80.9,352,1.4,4,9.1,masa_flour,,,,,
4.3,435,44.5,0,4.6,mascarpone,,,,,
4.3,435,44.5,0,4.6,mascarpone_cheese,,,,,
0,0,14.3,34.8,13.5,matcha_powder,,,,,
7.7,34,0.4,3.9,0.5,matchstick_carrot,,,,,
0.1,416,34.9,0,25.4,mature_cheddar,,,,,
0.1,416,34.9,0,25.4,mature_cheddar_cheese,,,,,
80.9,352,1.4,4,9.1,matzo_cake_meal,,,,,
2.4,686,74.8,0,1.1,mayonnaise,,,,,
0,85,0.3,0,20.5,meat,,,,,
31.3,124,0.1,0,1.5,medjool_date,,,,,
4,17,0.1,0.4,0.3,melon_liqueur,,,,,
0,0,14.3,34.8,13.5,meringue_powder,,,,,
0.6,75,0,0,0.1,merlot_wine,,,,,
2.2,30,0,0,0.3,mexican_beer,,,,,
0.1,381,31.8,0,23.7,mexican_cheese,,,,,
0,0,14.3,34.8,13.5,mexican_chili_powder,,,,,
0,0,0.9,8.6,1.8,mexican_oregano,,,,,
1.6,7,0,0,0.3,meyer_lemon_juice,,,,,
2.2,14,0.3,,0.8,meyer_lemon_zest,,,,,
0,0,14.3,34.8,13.5,mild_chili_powder,,,,,
26.1,233,10.8,0,9.5,mild_curry_powder,,,,,
9.6,309,25,2.8,11.9,mild_italian_sausage,,,,,
0,0,12.9,34.9,14.1,mild_paprika,,,,,
9.6,309,25,2.8,11.9,mild_pork_sausage,,,,,
4.7,46,1.7,0,3.5,milk,,,,,
4.7,46,1.7,0,3.5,milk_alternative,,,,,
4.7,46,1.7,0,3.5,milk_chocolate,,,,,
63.5,510,28,0,5,milk_chocolate_chip,,,,,
4.7,46,1.7,0,3.5,milk_chocolate_morsel,,,,,
4.7,46,1.7,0,3.5,milk_powder,,,,,
0.9,598,58,0,18.2,milled_flax_seed,,,,,
80.9,352,1.4,4,9.1,millet_flour,,,,,
0,0,0,0,0,mineral_water,,,,,
63.5,510,28,0,5,miniature_chocolate_chip,,,,,
63.5,510,28,0,5,miniature_semisweet_chocolate_chip,,,,,
63.5,510,28,0,5,mini_chocolate_chip,,,,,
63.5,510,28,0,5,mini_semi_sweet_chocolate_chip,,,,,
63.5,510,28,0,5,mini_semisweet_chocolate_chip,,,,,
5.3,43,0.7,0,3.8,mint,,,,,
63.5,510,28,0,5,mint_chocolate_chip,,,,,
5.3,43,0.7,0,3.8,mint_extract,,,,,
83.7,351,0.5,1.1,8.1,minute_rice,,,,,
2.7,381,40.3,0,2,miracle_whip,,,,,
2.7,381,40.3,0,2,miracle_whip_dressing,,,,,
68.8,266,0.1,,0,molas,,,,,
0,125,4.1,,22,montreal_steak_spice,,,,,
0,257,20.3,0,18.6,mozzarella,,,,,
0,257,20.3,0,18.6,mozzarella_ball,,,,,
0,257,20.3,0,18.6,mozzarella_cheese,,,,,
0,257,20.3,0,18.6,mozzarella_pearl,,,,,
0.1,381,31.8,0,23.7,muenster_cheese,,,,,
15.7,92,0.6,0,6.9,mung_bean_sprout,,,,,
105,394,0,0,0,muscovado_sugar,,,,,
0.3,7,0.2,0.7,1,mushroom,,,,,
2.5,74,1.8,0,12.1,mussel,,,,,
4.2,140,10.2,0,8.2,mustard,,,,,
20.7,452,28.7,0,28.9,mustard_powder,,,,,
0,0,28.8,,24.9,mustard_seed,,,,,
47,230,2.3,2.8,8.3,naan_bread,,,,,
1.4,12,0.2,,1,napa_cabbage,,,,,
20.2,79,0.2,1.4,0.3,natural_applesauce,,,,,
105,394,0,0,0,natural_cane_sugar,,,,,
13.1,607,51.8,6.6,22.8,natural_peanut_butter,,,,,
11.5,312,21.7,0,18.5,natural_unsweetened_cocoa_powder,,,,,
4.8,133,10.2,0,5.7,natural_yogurt,,,,,
9,40,0.1,0,1.4,nectarine,,,,,
0,899,99.9,0,0,neutral_oil,,,,,
0,0,14.3,34.8,13.5,new_mexico_chili_powder,,,,,
16.1,68,0.1,1.8,1.7,new_potato,,,,,
0,125,4.1,,22,new_york_strip_steak,,,,,
0.9,598,58,0,18.2,nigella_seed,,,,,
4.7,46,1.7,0,3.5,non_dairy_milk,,,,,
12.7,166,9.4,0,8.4,nonfat_evaporated_milk,,,,,
4.7,46,1.7,0,3.5,non_fat_milk,,,,,
4.7,46,1.7,0,3.5,nonfat_milk,,,,,
22,169,8.2,0.2,3.2,non_fat_vanilla_greek_yogurt,,,,,
22,169,8.2,0.2,3.2,nonfat_vanilla_greek_yogurt,,,,,
22,169,8.2,0.2,3.2,nonfat_vanilla_yogurt,,,,,
72.6,338,2,0,12,noodle,,,,,
20.2,79,0.2,1.4,0.3,no_sugar_added_applesauce,,,,,
11.6,581,49.1,0,23.8,nut,,,,,
0,0,36.3,20.8,5.8,nutmeg,,,,,
0,0,36.3,20.8,5.8,nutmeg_powder,,,,,
3.5,169,1.5,0,35.6,nutritional_yeast,,,,,
70.7,381,8.1,7.8,10.9,oat,,,,,
70.7,381,8.1,7.8,10.9,oat_bran,,,,,
80.9,352,1.4,4,9.1,oat_flour,,,,,
0,899,99.9,0,0,oil,,,,,
0,899,99.9,0,0,oil_for_deep_frying,,,,,
3,14,0.1,1,0.5,oil_packed_sun_dried_tomato,,,,,
0,899,99.9,0,0,oilve_oil,,,,,
3,31,1,0,2.8,okra,,,,,
70.7,381,8.1,7.8,10.9,old_fashioned_oat,,,,,
0,103,11,0,0.9,olive,,,,,
1.6,7,0,0,0.3,olive_juice,,,,,
0,899,99.9,0,0,olive_oil,,,,,
0,899,99.9,0,0,olive_oil_mayonnaise,,,,,
0,899,99.9,0,0,olive_oil_spray,,,,,
0,103,11,0,0.9,olive_tapenade,,,,,
8,35,0.1,2.2,1,onion,,,,,
8,35,0.1,2.2,1,onion_juice,,,,,
8,35,0.1,2.2,1,onion_powder,,,,,
0,0,0,0,0,onion_salt,,,,,
8.2,36,0.2,1.2,0.8,orange,,,,,
76.4,288,0,0,0.4,orange_blossom_honey,,,,,
0,0,0,0,0,orange_blossom_water,,,,,
8.2,36,0.2,1.2,0.8,orange_extract,,,,,
0,0,0,0,0,orange_flower_water,,,,,
8.1,33,0,0,0.6,orange_juice,,,,,
8.1,33,0,0,0.6,orange_juice_concentrate,,,,,
69.5,261,0,0.5,0.1,orange_marmalade,,,,,
4.3,21,0.2,2.2,0.8,orange_pepper,,,,,
8.2,36,0.2,1.2,0.8,orange_rind,,,,,
8.2,36,0.2,1.2,0.8,orange_sherbet,,,,,
8.2,36,0.2,1.2,0.8,orange_wedge,,,,,
8.2,36,0.2,1.2,0.8,orange_zest,,,,,
75.6,343,1.6,0,11.3,orecchiette_pasta,,,,,
0,0,0.9,8.6,1.8,oregano,,,,,
101.3,380,0,0,0.1,organic_brown_sugar,,,,,
0.6,744,82.2,0,0.6,organic_butter,,,,,
105,394,0,0,0,organic_cane_sugar,,,,,
80.9,352,1.4,4,9.1,organic_coconut_flour,,,,,
1.7,496,53.7,0,1.6,organic_heavy_cream,,,,,
76.4,288,0,0,0.4,organic_honey,,,,,
28.6,115,0.1,0.9,1.6,organic_ketchup,,,,,
70.7,381,8.1,7.8,10.9,organic_rolled_oat,,,,,
105,394,0,0,0,organic_sugar,,,,,
75.6,343,1.6,0,11.3,orzo,,,,,
75.6,343,1.6,0,11.3,orzo_pasta,,,,,
20.3,81,0.1,1.4,1.2,overripe_banana,,,,,
69.7,445,16.4,3.9,8.9,oyster_cracker,,,,,
0,8,0.2,,1.6,oyster_mushroom,,,,,
19.16,93,0.93,2.2,1.93,oyster_sauce,,,,,
3.2,34,0.6,4,4.3,package_broccoli_coleslaw_mix,,,,,
80.9,352,1.4,4,9.1,package_chocolate_cake_mix,,,,,
47,230,2.3,2.8,8.3,package_corn_bread_mix,,,,,
8.1,60,1.8,0,3.4,package_corn_muffin_mix,,,,,
47,230,2.3,2.8,8.3,package_dry_bread_stuffing_mix,,,,,
56.1,263,1.9,3.3,9,package_frozen_french_fry,,,,,
0,899,99.9,0,0,package_frozen_stir_fry_vegetable,,,,,
80.9,352,1.4,4,9.1,package_german_chocolate_cake_mix,,,,,
20.3,81,0.1,1.4,1.2,package_instant_banana_pudding_mix,,,,,
22,169,8.2,0.2,3.2,package_instant_french_vanilla_pudding_mix,,,,,
2.2,14,0.3,,0.8,package_instant_lemon_pudding_mix,,,,,
8.2,601,55.4,7.4,17.9,package_instant_pistachio_pudding_mix,,,,,
22,169,8.2,0.2,3.2,package_instant_sugar_free_vanilla_pudding_mix,,,,,
80.9,352,1.4,4,9.1,package_lemon_cake_mix,,,,,
63.5,510,28,0,5,package_non_instant_chocolate_pudding_mix,,,,,
0.1,381,31.8,0,23.7,package_refrigerated_cheese_tortellini,,,,,
105,394,0,0,0,package_refrigerated_sugar_cookie_dough,,,,,
72.6,338,2,0,12,packages_chicken_flavored_ramen_noodle,,,,,
75.6,343,1.6,0,11.3,package_tri_color_rotini_pasta,,,,,
11.5,312,21.7,0,18.5,package_unsweetened,,,,,
8,35,0.1,2.2,1,packet_dry_onion_soup_mix,,,,,
105,394,0,0,0,palm_sugar,,,,,
76.6,282,0,,0,pancake_syrup,,,,,
47,230,2.3,2.8,8.3,panko_bread_crumb,,,,,
8.8,36,0.1,0,0.5,papaya,,,,,
0,0,12.9,34.9,14.1,paprika,,,,,
0,0,12.9,34.9,14.1,paprika_powder,,,,,
0.9,415,29.7,0,36.2,parmesan,,,,,
0.9,415,29.7,0,36.2,parmesan_cheese,,,,,
0.9,415,29.7,0,36.2,parmesan_shaving,,,,,
0.1,381,31.8,0,23.7,parmigiano_cheese,,,,,
0.9,415,29.7,0,36.2,parmigiano_reggiano,,,,,
0.1,381,31.8,0,23.7,parmigiano_reggiano_cheese,,,,,
2.7,34,1.3,0,3,parsley,,,,,
12.5,64,1.1,4.7,1.8,parsnip,,,,,
0,257,20.3,0,18.6,part_skim_mozzarella,,,,,
2,144,11,,9.4,part_skim_ricotta_cheese,,,,,
75.6,343,1.6,0,11.3,pasta,,,,,
0,0,0,0,0,pasta_water,,,,,
39.4,453,31.4,3.4,5.7,pastry,,,,,
69.9,327,2,10.1,11.6,pastry_flour,,,,,
11.3,83,1.5,5.3,6.9,pea,,,,,
7.6,33,0.1,0,1,peach,,,,,
1.6,7,0,0,0.3,peach_juice,,,,,
7.6,33,0.1,0,1,peach_nectar,,,,,
7.6,33,0.1,0,1,peach_preserve,,,,,
7.6,33,0.1,0,1,peach_schnapp,,,,,
12.5,564,46,0,25.8,peanut,,,,,
13.1,607,51.8,6.6,22.8,peanut_butter,,,,,
13.1,607,51.8,6.6,22.8,peanut_butter_chip,,,,,
13.1,607,51.8,6.6,22.8,peanut_butter_cup,,,,,
80.9,352,1.4,4,9.1,peanut_flour,,,,,
0,899,99.9,0,0,peanut_oil,,,,,
19.16,93,0.93,2.2,1.93,peanut_sauce,,,,,
10.9,43,0.1,2.7,0.3,pear,,,,,
83.6,360,1.7,,7.9,pearl_barley,,,,,
8,35,0.1,2.2,1,pearl_onion,,,,,
105,394,0,0,0,pearl_sugar,,,,,
11.3,83,1.5,5.3,6.9,pea_shoot,,,,,
5.8,689,70.1,0,9.2,pecan,,,,,
0.1,381,31.8,0,23.7,pecorino_cheese,,,,,
0.1,381,31.8,0,23.7,pecorino_romano_cheese,,,,,
0,77,0.7,0,17.6,peeled_and_deveined_shrimp,,,,,
75.6,343,1.6,0,11.3,penne,,,,,
75.6,343,1.6,0,11.3,penne_pasta,,,,,
4.3,21,0.2,2.2,0.8,pepper,,,,,
0,0,3.3,25.3,10.4,peppercorn,,,,,
0.1,381,31.8,0,23.7,pepper_jack_cheese,,,,,
0.1,381,31.8,0,23.7,pepperjack_cheese,,,,,
4.3,21,0.2,2.2,0.8,pepper_jelly,,,,,
22,169,8.2,0.2,3.2,peppermint_ice_cream,,,,,
4.3,21,0.2,2.2,0.8,pepperoncini_pepper,,,,,
9.6,309,25,2.8,11.9,pepperoni_sausage,,,,,
3.9,420,42.5,0,5.6,pesto,,,,,
19.16,93,0.93,2.2,1.93,pesto_sauce,,,,,
11.3,83,1.5,5.3,6.9,petite_pea,,,,,
19.16,93,0.93,2.2,1.93,picante_sauce,,,,,
8.1,44,0.8,2,1.8,pickled_ginger,,,,,
4.2,26,0.3,,1.8,pickled_jalapeno,,,,,
4.2,26,0.3,,1.8,pickled_jalapeno_juice,,,,,
4.3,21,0.2,2.2,0.8,pickled_jalapeno_pepper,,,,,
1.6,7,0,0,0.3,pickle_juice,,,,,
0,0,0,0,0,pickling_salt,,,,,
0.1,381,31.8,0,23.7,pimento_cheese,,,,,
4.3,21,0.2,2.2,0.8,pimento_pepper,,,,,
0,103,11,0,0.9,pimento_stuffed_green_olive,,,,,
10.1,41,0.2,0,0.4,pineapple,,,,,
10.5,41,0.1,0,0.3,pineapple_juice,,,,,
10.1,41,0.2,0,0.4,pineapple_preserve,,,,,
10.1,41,0.2,0,0.4,pineapple_ring,,,,,
10.1,41,0.2,0,0.4,pineapple_tidbit,,,,,
4,688,68.6,0,14,pine_nut,,,,,
8.3,33,0.1,0,0.4,pink_grapefruit_juice,,,,,
0,0,0,0,0,pink_himalayan_salt,,,,,
0,0,3.3,25.3,10.4,pink_peppercorn,,,,,
0,0,0,0,0,pink_salt,,,,,
57.1,327,1.6,,21.1,pinto_bean,,,,,
8.2,601,55.4,7.4,17.9,pistachio,,,,,
11.6,581,49.1,0,23.8,pistachio_nut,,,,,
55.1,255,1.3,2.3,9.1,pita,,,,,
55.1,255,1.3,2.3,9.1,pita_bread,,,,,
55.1,255,1.3,2.3,9.1,pita_bread_round,,,,,
63.5,510,28,0,5,pita_chip,,,,,
4.8,133,10.2,0,5.7,plain_low_fat_yogurt,,,,,
4.8,133,10.2,0,5.7,plain_non_fat_yogurt,,,,,
4.8,133,10.2,0,5.7,plain_nonfat_yogurt,,,,,
8.8,36,0.1,0,0.6,plum,,,,,
8.8,36,0.1,0,0.6,plum_jam,,,,,
19.16,93,0.93,2.2,1.93,plum_sauce,,,,,
3,14,0.1,1,0.5,plum_tomato,,,,,
4.3,21,0.2,2.2,0.8,poblano_pepper,,,,,
15.2,68,0.4,1.7,1.9,polenta,,,,,
11.8,51,0.2,0,1.3,pomegranate,,,,,
11.8,51,0.2,0,1.3,pomegranate_aril,,,,,
11.6,44,0,0,0.2,pomegranate_juice,,,,,
68.8,266,0.1,,0,pomegranate_molas,,,,,
0.9,598,58,0,18.2,pomegranate_seed,,,,,
19.16,93,0.93,2.2,1.93,ponzu_sauce,,,,,
8.1,60,1.8,0,3.4,popping_corn,,,,,
0,0,47.1,,20.6,poppy_seed,,,,,
0,0,47.1,,20.6,poppy_seed_dressing,,,,,
0.3,7,0.2,0.7,1,porcini_mushroom,,,,,
0,147,6.5,,22,pork,,,,,
0,147,6.5,,22,pork_baby_back_rib,,,,,
0,258,20.2,,19.1,pork_belly,,,,,
9.6,309,25,2.8,11.9,pork_breakfast_sausage,,,,,
0,147,6.5,,22,pork_butt,,,,,
0,147,6.5,,22,pork_butt_roast,,,,,
0,270,21.7,0,18.6,pork_loin,,,,,
0,270,21.7,0,18.6,pork_loin_roast,,,,,
0,147,6.5,,22,pork_roast,,,,,
9.6,309,25,2.8,11.9,pork_sausage,,,,,
9.6,309,25,2.8,11.9,pork_sausage_meat,,,,,
0,121,4.2,,20.8,pork_shoulder,,,,,
0,121,4.2,,20.8,pork_shoulder_roast,,,,,
0,147,6.5,,22,pork_sparerib,,,,,
0,225,16.1,,19.9,pork_tenderloin,,,,,
70.7,381,8.1,7.8,10.9,porridge_oat,,,,,
12,157,0,0,0.1,port,,,,,
0.3,7,0.2,0.7,1,portobello_mushroom,,,,,
0.3,7,0.2,0.7,1,portobello_mushroom_cap,,,,,
0.6,75,0,0,0.1,port_wine,,,,,
19.6,82,0.1,2,1.9,potato,,,,,
19.6,82,0.1,2,1.9,potato_chip,,,,,
80.9,352,1.4,4,9.1,potato_flour,,,,,
19.6,82,0.1,2,1.9,potato_starch,,,,,
10.3,590,49.8,7.6,25.7,pot_roast,,,,,
1.7,496,53.7,0,1.6,pouring_cream,,,,,
0,0,14.3,34.8,13.5,powder,,,,,
63.5,510,28,0,5,powdered_chocolate_drink_mix,,,,,
104.9,393,0,0,0,powder_sugar,,,,,
105,394,0,0,0,powered_sugar,,,,,
5.1,40,0.8,0,3.1,prepared_basil_pesto,,,,,
4.2,140,10.2,0,8.2,prepared_dijon_style_mustard,,,,,
11,62,0.3,,4.5,prepared_horseradish,,,,,
19.16,93,0.93,2.2,1.93,prepared_marinara_sauce,,,,,
19.6,82,0.1,2,1.9,prepared_mashed_potato,,,,,
4.2,140,10.2,0,8.2,prepared_mustard,,,,,
3.9,420,42.5,0,5.6,prepared_pesto,,,,,
22,169,8.2,0.2,3.2,prepared_vanilla_pudding,,,,,
4.2,140,10.2,0,8.2,prepared_yellow_mustard,,,,,
0,0,0,0,0,pretzel_salt,,,,,
10.3,590,49.8,7.6,25.7,prime_rib_roast,,,,,
0.1,381,31.8,0,23.7,processed_american_cheese,,,,,
0.1,381,31.8,0,23.7,processed_cheese,,,,,
0.1,381,31.8,0,23.7,processed_cheese_sauce,,,,,
1,107,3.3,0.1,18.4,prosciutto_ham,,,,,
0,0,14.3,34.8,13.5,protein_powder,,,,,
0.1,381,31.8,0,23.7,provolone_cheese,,,,,
38.4,160,0.5,,2.8,prune,,,,,
83.7,351,0.5,1.1,8.1,pudding_rice,,,,,
82.1,366,3.1,3.5,7.5,puffed_brown_rice_cereal,,,,,
83.7,351,0.5,1.1,8.1,puffed_rice_cereal,,,,,
33.7,384,26.2,2.8,5.3,puff_pastry,,,,,
8.1,33,0,0,0.6,pulp_free_orange_juice,,,,,
2.2,13,0.2,,0.7,pumpkin,,,,,
0.6,744,82.2,0,0.6,pumpkin_butter,,,,,
2.2,13,0.2,,0.7,pumpkin_pie_filling,,,,,
15.2,565,45.6,0,24.4,pumpkin_seed,,,,,
4.4,26,0.2,3.5,1.8,purple_cabbage,,,,,
8,35,0.1,2.2,1,purple_onion,,,,,
3.2,34,0.6,4,4.3,purple_sprouting_broccoli,,,,,
48.8,297,1.9,,24.3,puy_lentil,,,,,
0,131,9,0,12.6,quails_egg,,,,,
70.7,381,8.1,7.8,10.9,quick_cooking_oat,,,,,
95,359,0.1,,0.4,quick_cooking_tapioca,,,,,
70.7,381,8.1,7.8,10.9,quick_oat,,,,,
55.7,309,5,7,13.8,quinoa,,,,,
80.9,352,1.4,4,9.1,quinoa_flour,,,,,
0,137,5.5,0,21.9,rabbit,,,,,
1.9,12,0.2,0,0.7,radish,,,,,
69.3,272,0.4,0,2.1,raisin,,,,,
69.3,272,0.4,0,2.1,raisins_cranberry,,,,,
0,899,99.9,0,0,rapeseed_oil,,,,,
3.5,169,1.5,0,35.6,rapid_rise_yeast,,,,,
0,276,23.6,,15.8,rashers_smoked_streaky_bacon,,,,,
0,276,23.6,,15.8,rashers_streaky_bacon,,,,,
4.6,25,0.3,0,1.4,raspberry,,,,,
4.6,25,0.3,0,1.4,raspberry_extract,,,,,
69,261,0,0,0.6,raspberry_jam,,,,,
4.6,25,0.3,0,1.4,raspberry_jelly,,,,,
1.6,7,0,0,0.3,raspberry_juice,,,,,
4.6,25,0.3,0,1.4,raspberry_preserve,,,,,
4.6,25,0.3,0,1.4,raspberry_sherbet,,,,,
4.6,25,0.3,0,1.4,raspberry_sorbet,,,,,
4.6,25,0.3,0,1.4,raspberry_syrup,,,,,
4.6,25,0.3,0,1.4,raspberry_vinaigrette,,,,,
0.6,22,0,0,0.4,raspberry_vinegar,,,,,
4.6,25,0.3,0,1.4,raspberry_vodka,,,,,
2.4,686,74.8,0,1.1,ready_made_mayonnaise,,,,,
33.7,384,26.2,2.8,5.3,ready_made_puff_pastry,,,,,
39.4,453,31.4,3.4,5.7,ready_made_shortcrust_pastry,,,,,
0.6,744,82.2,0,0.6,real_butter,,,,,
76.6,282,0,,0,real_maple_syrup,,,,,
2.4,686,74.8,0,1.1,real_mayonnaise,,,,,
22,169,8.2,0.2,3.2,real_vanilla,,,,,
22,169,8.2,0.2,3.2,real_vanilla_extract,,,,,
11.6,51,0.5,1.2,0.6,red_apple,,,,,
4.3,21,0.2,2.2,0.8,red_bell_pepper,,,,,
3.7,21,0.3,2.9,1.1,red_cabbage,,,,,
0,0,14.3,34.8,13.5,red_chile_powder,,,,,
4.2,26,0.3,,1.8,red_chili,,,,,
4.2,26,0.3,,1.8,red_chili_pepper,,,,,
0,0,14.3,34.8,13.5,red_chili_powder,,,,,
67.8,267,0.4,,2.3,red_currant_jelly,,,,,
13.3,97,1.3,,7.9,red_curry_paste,,,,,
26.1,233,10.8,0,9.5,red_curry_powder,,,,,
19.16,93,0.93,2.2,1.93,red_enchilada_sauce,,,,,
16.1,65,0.2,1.3,0.7,red_grape,,,,,
3,14,0.1,1,0.5,red_grape_tomato,,,,,
19.16,93,0.93,2.2,1.93,red_hot_sauce,,,,,
56.3,318,1.3,0,23.8,red_lentil,,,,,
8,35,0.1,2.2,1,red_onion,,,,,
4.3,21,0.2,2.2,0.8,red_pepper,,,,,
4.3,21,0.2,2.2,0.8,red_pepper_sauce,,,,,
19.6,82,0.1,2,1.9,red_potato,,,,,
55.7,309,5,7,13.8,red_quinoa,,,,,
0,90,1.3,,19.6,red_snapper_fillet,,,,,
2.4,686,74.8,0,1.1,reduced_fat_mayonnaise,,,,,
4.7,46,1.7,0,3.5,reduced_fat_milk,,,,,
1.7,496,53.7,0,1.6,reduced_fat_sour_cream,,,,,
0.2,12,0.2,0.3,2.3,reduced_sodium_chicken_stock,,,,,
17.9,79,0,0,3,reduced_sodium_soy_sauce,,,,,
80.9,352,1.4,4,9.1,red_velvet_cake_mix,,,,,
0.2,76,0,0,0.1,red_wine,,,,,
0.6,22,0,0,0.4,red_wine_vinegar,,,,,
15.7,92,0.6,0,6.9,refried_bean,,,,,
15.7,92,0.6,0,6.9,refried_black_bean,,,,,
85.1,355,1,1.1,6.7,regular_long_grain_white_rice,,,,,
70.7,381,8.1,7.8,10.9,regular_oat,,,,,
0,276,23.6,,15.8,reserved_bacon_dripping,,,,,
0,276,23.6,,15.8,reserved_bacon_fat,,,,,
0.8,7,0.1,,0.9,rhubarb,,,,,
0,125,4.1,,22,rib_eye_steak,,,,,
83.7,351,0.5,1.1,8.1,rice,,,,,
83.7,351,0.5,1.1,8.1,rice_chex,,,,,
83.7,351,0.5,1.1,8.1,rice_crispy,,,,,
80.1,366,0.8,,6.4,rice_flour,,,,,
83.7,351,0.5,1.1,8.1,rice_krispy,,,,,
4.7,46,1.7,0,3.5,rice_milk,,,,,
83.7,351,0.5,1.1,8.1,rice_noodle,,,,,
0.6,22,0,0,0.4,rice_vinegar,,,,,
83.7,351,0.5,1.1,8.1,rice_wine,,,,,
0.6,22,0,0,0.4,rice_wine_vinegar,,,,,
2,144,11,,9.4,ricotta,,,,,
2,144,11,,9.4,ricotta_cheese,,,,,
2,144,11,,9.4,ricotta_salata,,,,,
75.6,343,1.6,0,11.3,rigatoni_pasta,,,,,
83.7,351,0.5,1.1,8.1,risotto_rice,,,,,
69.7,445,16.4,3.9,8.9,ritz_cracker,,,,,
0,160,8.6,,20.7,roast_beef,,,,,
6.9,612,55.8,0,21.1,roasted_almond,,,,,
18.1,573,48.2,,17.7,roasted_cashew,,,,,
16.3,98,0.6,0,7.9,roasted_garlic,,,,,
10.3,590,49.8,7.6,25.7,roasted_peanut,,,,,
2.2,13,0.2,,0.7,roasted_pumpkin_puree,,,,,
15.2,565,45.6,0,24.4,roasted_pumpkin_seed,,,,,
4.3,21,0.2,2.2,0.8,roasted_red_bell_pepper,,,,,
4.3,21,0.2,2.2,0.8,roasted_red_pepper,,,,,
0,899,99.9,0,0,roasted_sesame_oil,,,,,
0.9,598,58,0,18.2,roasted_sesame_seed,,,,,
18.6,576,47.5,0,19.8,roasted_sunflower_seed,,,,,
0,108,2.1,0,22.3,roasting_chicken,,,,,
0,0,0,0,0,rock_salt,,,,,
1.4,11,0.1,1.5,1.2,romaine_lettuce,,,,,
0.1,381,31.8,0,23.7,romano_cheese,,,,,
13.5,99,4.4,12.4,1.4,rosemary,,,,,
0,0,0,0,0,rose_water,,,,,
75.6,343,1.6,0,11.3,rotelle_pasta,,,,,
75.6,343,1.6,0,11.3,rotini_pasta,,,,,
0.1,381,31.8,0,23.7,round_brie_cheese,,,,,
0,125,4.1,,22,round_steak,,,,,
15.6,119,4.6,,3.9,rubbed_sage,,,,,
12,157,0,0,0.1,ruby_port,,,,,
10.3,590,49.8,7.6,25.7,rump_roast,,,,,
76.4,288,0,0,0.4,runny_honey,,,,,
19.6,82,0.1,2,1.9,russet_potato,,,,,
73.5,319,1.6,14.1,7.3,rye_flour,,,,,
0,899,99.9,,0,safflower_oil,,,,,
61.5,310,5.9,,11.4,saffron,,,,,
61.5,310,5.9,,11.4,saffron_powder,,,,,
61.5,310,5.9,,11.4,saffron_strand,,,,,
61.5,310,5.9,,11.4,saffron_thread,,,,,
15.6,119,4.6,,3.9,sage,,,,,
9.6,309,25,2.8,11.9,sage_pork_sausage,,,,,
0,0,1.2,53.1,4,saigon_cinnamon,,,,,
1.4,11,0.1,1.5,1.2,salad,,,,,
1.4,11,0.1,1.5,1.2,salad_green,,,,,
0,899,99.9,0,0,salad_oil,,,,,
0,77,0.7,0,17.6,salad_shrimp,,,,,
0,217,15,0.2,20.4,salmon,,,,,
0,125,4.1,,22,salmon_steak,,,,,
0,0,0,0,0,salt,,,,,
0,0,3.3,25.3,10.4,salt_black_pepper,,,,,
0.6,744,82.2,0,0.6,salted_butter,,,,,
19.16,93,0.93,2.2,1.93,salted_caramel_sauce,,,,,
0,0,0,0,0,salted_cashew,,,,,
0,0,0,0,0,salted_peanut,,,,,
69.7,445,16.4,3.9,8.9,saltine_cracker,,,,,
0,0,0,0,0,salt_pork,,,,,
105,394,0,0,0,sanding_sugar,,,,,
51.5,254,2.6,2.6,9.3,sandwich_bun,,,,,
19.16,93,0.93,2.2,1.93,sauce,,,,,
1.1,9,0,0,1.1,sauerkraut,,,,,
9.6,309,25,2.8,11.9,sausage,,,,,
0,85,0.3,0,20.5,sausage_meat,,,,,
4.4,26,0.2,3.5,1.8,savoy_cabbage,,,,,
4.7,46,1.7,0,3.5,scalded_milk,,,,,
3,23,0.5,0,2,scallion,,,,,
0.2,12,0.2,0.3,2.3,seafood_stock,,,,,
0,899,99.9,0,0,seasame_oil,,,,,
75.6,343,1.6,0,11.3,seashell_pasta,,,,,
47,230,2.3,2.8,8.3,seasoned_bread_crumb,,,,,
80.9,352,1.4,4,9.1,seasoned_flour,,,,,
4.3,21,0.2,2.2,0.8,seasoned_pepper,,,,,
0.6,22,0,0,0.4,seasoned_rice_vinegar,,,,,
0.6,22,0,0,0.4,seasoned_rice_wine_vinegar,,,,,
0,0,0,0,0,seasoned_salt,,,,,
0.9,598,58,0,18.2,seed,,,,,
16.1,65,0.2,1.3,0.7,seedless_grape,,,,,
15.2,62,0.2,1.2,0.7,seedless_green_grape,,,,,
69.3,272,0.4,0,2.1,seedless_raisin,,,,,
69,261,0,0,0.6,seedless_raspberry_jam,,,,,
16.1,65,0.2,1.3,0.7,seedless_red_grape,,,,,
7.1,31,0.3,0,0.5,seedless_watermelon,,,,,
80.9,352,1.4,4,9.1,self_raising_flour,,,,,
15.2,68,0.4,1.7,1.9,self_rising_cornmeal,,,,,
80.9,352,1.4,4,9.1,self_rising_flour,,,,,
0,0,0,0,0,seltzer_water,,,,,
4.7,46,1.7,0,3.5,semi_skimmed_milk,,,,,
63.5,510,28,0,5,semi_sweet_chocolate,,,,,
63.5,510,28,0,5,semisweet_chocolate,,,,,
63.5,510,28,0,5,semi_sweet_chocolate_chip,,,,,
63.5,510,28,0,5,semisweet_chocolate_chip,,,,,
63.5,510,28,0,5,semi_sweet_chocolate_morsel,,,,,
80.9,352,1.4,4,9.1,semolina_flour,,,,,
4.3,21,0.2,2.2,0.8,serrano_pepper,,,,,
0,899,99.9,0,0,sesame_seed_oil,,,,,
3.3,20,0.2,,1.5,shallot,,,,,
83.7,351,0.5,1.1,8.1,shaoxing_rice_wine,,,,,
0.6,75,0,0,0.1,shaoxing_wine,,,,,
0.9,415,29.7,0,36.2,shaved_parmesan_cheese,,,,,
0,338,0,0,84.4,sheets_leaf_gelatine,,,,,
5.9,116,0,0,0.1,sherry,,,,,
0.6,22,0,0,0.4,sherry_vinegar,,,,,
0.6,75,0,0,0.1,sherry_wine,,,,,
0.6,22,0,0,0.4,sherry_wine_vinegar,,,,,
0.3,7,0.2,0.7,1,shiitake_mushroom,,,,,
75.6,343,1.6,0,11.3,short_cut_pasta,,,,,
82.1,366,3.1,3.5,7.5,short_grain_brown_rice,,,,,
83.7,351,0.5,1.1,8.1,short_grain_rice,,,,,
0,145,6.5,,21.5,short_rib,,,,,
0.1,381,31.8,0,23.7,shredded_cheddar_monterey_jack_cheese_blend,,,,,
0,108,2.1,0,22.3,shredded_deli_rotisserie_chicken,,,,,
0.1,416,34.9,0,25.4,shredded_mild_cheddar_cheese,,,,,
0,257,20.3,0,18.6,shredded_part_skim_mozzarella_cheese,,,,,
0.1,416,34.9,0,25.4,shredded_reduced_fat_cheddar_cheese,,,,,
0,77,0.7,0,17.6,shrimp,,,,,
0.2,12,0.2,0.3,2.3,shrimp_stock,,,,,
0,0,3.3,25.3,10.4,sichuan_peppercorn,,,,,
76.6,282,0,,0,simple_syrup,,,,,
1.7,496,53.7,0,1.6,single_cream,,,,,
0,135,4.5,,23.5,sirloin,,,,,
0,125,4.1,,22,sirloin_steak,,,,,
4.8,34,0.3,0,3.5,skim_milk,,,,,
0,108,2.1,0,22.3,skinless_boneless_chicken_breast,,,,,
0,108,2.1,0,22.3,skinless_chicken_breast,,,,,
0,193,13.3,,18.3,skinless_chicken_thigh,,,,,
48.8,297,1.9,,24.3,skinned_split_black_lentil,,,,,
0,125,4.1,,22,skirt_steak,,,,,
0,276,23.6,,15.8,slices_applewood_smoked_bacon,,,,,
1,107,3.3,0.1,18.4,slices_black_forest_ham,,,,,
0,276,23.6,,15.8,slices_canadian_bacon,,,,,
0,276,23.6,,15.8,slices_center_cut_bacon,,,,,
47,230,2.3,2.8,8.3,slices_ciabatta_bread,,,,,
0,276,23.6,,15.8,slices_crispy_bacon,,,,,
47,230,2.3,2.8,8.3,slices_day_old_bread,,,,,
47,230,2.3,2.8,8.3,slices_focaccia_bread,,,,,
47,230,2.3,2.8,8.3,slices_multigrain_bread,,,,,
1,107,3.3,0.1,18.4,slices_parma_ham,,,,,
47,230,2.3,2.8,8.3,slices_rye_bread,,,,,
47,230,2.3,2.8,8.3,slices_sandwich_bread,,,,,
0,105,1.6,0,22.6,slices_smoked_turkey,,,,,
0.1,381,31.8,0,23.7,slices_white_american_cheese,,,,,
47,230,2.3,2.8,8.3,slices_white_sandwich_bread,,,,,
51.5,254,2.6,2.6,9.3,slider_bun,,,,,
3.1,103,6,0,9.4,small_curd_cottage_cheese,,,,,
0,276,23.6,,15.8,smoked_bacon_lardon,,,,,
1,107,3.3,0.1,18.4,smoked_ham,,,,,
1,107,3.3,0.1,18.4,smoked_ham_hock,,,,,
0,0,12.9,34.9,14.1,smoked_paprika,,,,,
0.5,184,10.1,0,22.8,smoked_salmon,,,,,
9.6,309,25,2.8,11.9,smoked_sausage,,,,,
0,0,12.9,34.9,14.1,smoky_paprika,,,,,
13.1,607,51.8,6.6,22.8,smooth_peanut_butter,,,,,
5,34,0.2,,3.4,snap_pea,,,,,
1.9,27,0.7,2.5,3.3,snipped_chive,,,,,
1.2,18,0.5,2.8,2.1,snipped_cilantro,,,,,
4.2,32,0.2,0,3.6,snow_pea,,,,,
72.6,338,2,0,12,soba_noodle,,,,,
0,0,0,,0,soda,,,,,
0,0,0,0,0,soda_water,,,,,
47,230,2.3,2.8,8.3,soft_bread_crumb,,,,,
101.3,380,0,0,0.1,soft_brown_sugar,,,,,
0.6,744,82.2,0,0.6,soft_butter,,,,,
0.1,381,31.8,0,23.7,soft_goat_cheese,,,,,
0.6,744,82.2,0,0.6,soft_unsalted_butter,,,,,
0,89,1.8,,18.1,sole_fillet,,,,,
80.9,352,1.4,4,9.1,sorghum_flour,,,,,
11.5,48,0.1,0,0.9,sour_cherry,,,,,
1.7,496,53.7,0,1.6,sour_cream,,,,,
47,230,2.3,2.8,8.3,sourdough_bread,,,,,
4.7,46,1.7,0,3.5,sour_milk,,,,,
4.7,46,1.7,0,3.5,soymilk,,,,,
17.9,79,0,0,3,soy_sauce,,,,,
75.6,343,1.6,0,11.3,spaghetti,,,,,
72.6,338,2,0,12,spaghetti_noodle,,,,,
4.6,26,0.6,,0.6,spaghetti_squash,,,,,
8,35,0.1,2.2,1,spanish_onion,,,,,
0,0,12.9,34.9,14.1,spanish_paprika,,,,,
12.5,564,46,0,25.8,spanish_peanut,,,,,
0,0,12.9,34.9,14.1,spanish_smoked_paprika,,,,,
0,0,0,0,0,sparkling_water,,,,,
80.9,352,1.4,4,9.1,spelt_flour,,,,,
4.2,140,10.2,0,8.2,spicy_brown_mustard,,,,,
9.6,309,25,2.8,11.9,spicy_italian_sausage,,,,,
4.2,140,10.2,0,8.2,spicy_mustard,,,,,
9.6,309,25,2.8,11.9,spicy_pork_sausage,,,,,
1.6,25,0.8,0,2.8,spinach,,,,,
75.6,343,1.6,0,11.3,spiral_pasta,,,,,
0.2,76,0,0,0.1,splash_red_wine,,,,,
28.3,113,0.1,0,1.4,splash_worcestershire_sauce,,,,,
101.3,380,0,0,0.1,splenda_brown_sugar,,,,,
3,23,0.5,0,2,spring_onion,,,,,
4.1,42,1.4,0,3.5,sprout,,,,,
63.5,510,28,0,5,squares_bittersweet_chocolate,,,,,
63.5,510,28,0,5,square_semisweet_chocolate,,,,,
63.5,510,28,0,5,squares_unsweetened_baking_chocolate,,,,,
63.5,510,28,0,5,square_unsweetened_chocolate,,,,,
8.3,36,0.1,,1.1,squash,,,,,
1.2,81,1.7,,15.4,squid,,,,,
0,0,15.9,,17.6,star_anise,,,,,
0,125,4.1,,22,steak,,,,,
19.16,93,0.93,2.2,1.93,steak_sauce,,,,,
70.7,381,8.1,7.8,10.9,steel_cut_oat,,,,,
0.1,381,31.8,0,23.7,sticks_string_cheese,,,,,
0.1,381,31.8,0,23.7,stilton_cheese,,,,,
0.2,12,0.2,0.3,2.3,stock,,,,,
4.2,140,10.2,0,8.2,stone_ground_mustard,,,,,
2.2,30,0,0,0.3,stout_beer,,,,,
6.1,30,0.5,3.8,0.6,strawberry,,,,,
6.1,30,0.5,3.8,0.6,strawberry_extract,,,,,
22,169,8.2,0.2,3.2,strawberry_ice_cream,,,,,
6.1,30,0.5,3.8,0.6,strawberry_jam,,,,,
6.1,30,0.5,3.8,0.6,strawberry_jelly,,,,,
6.1,30,0.5,3.8,0.6,strawberry_preserve,,,,,
0,276,23.6,,15.8,strips_turkey_bacon,,,,,
0.3,2,0,0,0.2,strong_black_coffee,,,,,
79.2,353,1.2,3.3,11.3,strong_bread_flour,,,,,
0.3,2,0,0,0.2,strong_brewed_coffee,,,,,
0.3,2,0,0,0.2,strong_coffee,,,,,
79.2,353,1.2,3.3,11.3,strong_white_bread_flour,,,,,
80.9,352,1.4,4,9.1,strong_white_flour,,,,,
105,394,0,0,0,sugar,,,,,
105,394,0,0,0,sugar_crystal,,,,,
105,394,0,0,0,sugar_pumpkin,,,,,
5,34,0.2,,3.4,sugar_snap_pea,,,,,
105,394,0,0,0,sugar_syrup,,,,,
3,14,0.1,1,0.5,sun_dried_tomato,,,,,
3,14,0.1,1,0.5,sun_dried_tomato_pesto,,,,,
18.6,576,47.5,0,19.8,sunflower_kernel,,,,,
0,899,99.9,0,0,sunflower_oil,,,,,
18.6,576,47.5,0,19.8,sunflower_seed,,,,,
18.6,576,47.5,0,19.8,sunflower_seed_oil,,,,,
105,394,0,0,0,super_fine_sugar,,,,,
104.9,393,0,0,0,superfine_sugar,,,,,
83.7,351,0.5,1.1,8.1,sushi_rice,,,,,
19.16,93,0.93,2.2,1.93,sweet_and_sour_sauce,,,,,
5.1,40,0.8,0,3.1,sweet_basil,,,,,
4.3,21,0.2,2.2,0.8,sweet_bell_pepper,,,,,
0.6,744,82.2,0,0.6,sweet_butter,,,,,
11.5,48,0.1,0,0.9,sweet_cherry,,,,,
7.3,40,0.8,2.2,1.3,sweet_chili_sauce,,,,,
8.1,60,1.8,0,3.4,sweet_corn,,,,,
8.1,60,1.8,0,3.4,sweetcorn,,,,,
0.6,744,82.2,0,0.6,sweet_cream_butter,,,,,
3.7,351,36,,3.2,sweetened_coconut,,,,,
55.5,310,8,0,7.4,sweetened_condensed_milk,,,,,
3.4,15,0.1,,0.4,sweetened_dried_cranberry,,,,,
2.7,381,40.3,0,2,sweetened_whipped_cream,,,,,
55.5,310,8,0,7.4,sweetener,,,,,
0,0,12.9,34.9,14.1,sweet_hungarian_paprika,,,,,
9.6,309,25,2.8,11.9,sweet_italian_sausage,,,,,
0.6,75,0,0,0.1,sweet_marsala_wine,,,,,
8,35,0.1,2.2,1,sweet_onion,,,,,
0,0,12.9,34.9,14.1,sweet_paprika,,,,,
11.3,83,1.5,5.3,6.9,sweet_pea,,,,,
21.3,87,0.3,0,1.2,sweet_potato,,,,,
4.2,26,0.3,,1.8,sweet_red_chili_sauce,,,,,
4.3,21,0.2,2.2,0.8,sweet_red_pepper,,,,,
0.2,76,0,0,0.1,sweet_red_wine,,,,,
80.1,366,0.8,,6.4,sweet_rice_flour,,,,,
0,0,12.9,34.9,14.1,sweet_smoked_paprika,,,,,
17.9,79,0,0,3,sweet_soy_sauce,,,,,
3,109,0,0,0.1,sweet_vermouth,,,,,
0.6,75,0,0,0.1,sweet_white_wine,,,,,
2.9,19,0.2,,1.8,swiss_chard,,,,,
0.1,381,31.8,0,23.7,swiss_cheese,,,,,
0,125,4.1,,22,swordfish_steak,,,,,
76.6,282,0,,0,syrup,,,,,
19.16,93,0.93,2.2,1.93,tabasco_sauce,,,,,
0,0,0,0,0,table_salt,,,,,
19.16,93,0.93,2.2,1.93,taco_sauce,,,,,
0.9,607,58.9,0,18.5,tahini,,,,,
19.16,93,0.93,2.2,1.93,tahini_sauce,,,,,
1.6,7,0,0,0.3,tamarind_juice,,,,,
56.5,238,0.3,,2.3,tamarind_paste,,,,,
56.5,238,0.3,,2.3,tamarind_pulp,,,,,
19.16,93,0.93,2.2,1.93,tamari_sauce,,,,,
1.6,7,0,0,0.3,tangerine_juice,,,,,
95,359,0.1,,0.4,tapioca,,,,,
80.9,352,1.4,4,9.1,tapioca_flour,,,,,
95,359,0.1,,0.4,tapioca_pearl,,,,,
95,359,0.1,,0.4,tapioca_starch,,,,,
0,0,0,0,0,tap_water,,,,,
6.3,49,1.1,,3.4,tarragon,,,,,
0.6,22,0,0,0.4,tarragon_vinegar,,,,,
11.5,48,0.1,0,0.9,tart_cherry,,,,,
80.9,352,1.4,4,9.1,teff_flour,,,,,
0,0,0,0,0,tepid_water,,,,,
19.16,93,0.93,2.2,1.93,teriyaki_sauce,,,,,
5.1,40,0.8,0,3.1,thai_basil,,,,,
7.3,40,0.8,2.2,1.3,thai_chili_sauce,,,,,
19.16,93,0.93,2.2,1.93,thai_fish_sauce,,,,,
13.3,97,1.3,,7.9,thai_red_curry_paste,,,,,
7.3,40,0.8,2.2,1.3,thai_sweet_chili_sauce,,,,,
15.1,95,2.5,12.3,3,thyme,,,,,
3,14,0.1,1,0.5,tin_chopped_tomato,,,,,
63.5,510,28,0,5,toffee_chip,,,,,
3,14,0.1,1,0.5,tomato,,,,,
7.3,40,0.8,2.2,1.3,tomato_based_chili_sauce,,,,,
3,14,0.1,1,0.5,tomato_chutney,,,,,
3,14,0,0,0.8,tomato_juice,,,,,
3,14,0.1,1,0.5,tomato_ketchup,,,,,
3,14,0.1,1,0.5,tomato_passata,,,,,
19.16,93,0.93,2.2,1.93,tomato_pasta_sauce,,,,,
3,14,0.1,1,0.5,tomato_salsa,,,,,
8.6,89,5.5,,2.2,tomato_sauce,,,,,
1.6,7,0,0,0.3,tomato_vegetable_juice_cocktail,,,,,
5.9,22,0,0,0,tonic_water,,,,,
0,125,4.1,,22,top_sirloin_steak,,,,,
1.4,11,0.1,1.5,1.2,torn_lettuce,,,,,
1.4,11,0.1,1.5,1.2,torn_romaine_lettuce,,,,,
53.9,285,5.7,3.6,7.8,tortilla,,,,,
63.5,510,28,0,5,tortilla_chip,,,,,
0,125,4.1,,22,tri_tip_steak,,,,,
0,899,99.9,0,0,truffle_oil,,,,,
0,0,0,0,0,truffle_salt,,,,,
2.7,381,40.3,0,2,tub_cool_whip,,,,,
0,159,6.4,0,25.4,tuna,,,,,
0,159,6.4,0,25.4,tuna_steak,,,,,
105,394,0,0,0,turbinado_sugar,,,,,
0,105,1.6,0,22.6,turkey,,,,,
0,276,23.6,,15.8,turkey_bacon,,,,,
0,105,0.8,0,24.4,turkey_breast,,,,,
0.2,12,0.2,0.3,2.3,turkey_broth,,,,,
0,105,1.6,0,22.6,turkey_dripping,,,,,
0,105,1.6,0,22.6,turkey_gravy,,,,,
0,105,1.6,0,22.6,turkey_leg,,,,,
0,105,0.8,0,24.4,turkey_meat,,,,,
9.6,309,25,2.8,11.9,turkey_sausage,,,,,
0.2,12,0.2,0.3,2.3,turkey_stock,,,,,
0,0,7,,6.7,turmeric,,,,,
0,0,7,,6.7,turmeric_powder,,,,,
4.7,23,0.3,,0.9,turnip,,,,,
80.9,352,1.4,4,9.1,unbleached_all_purpose_flour,,,,,
79.2,353,1.2,3.3,11.3,unbleached_bread_flour,,,,,
80.9,352,1.4,4,9.1,unbleached_flour,,,,,
75.6,343,1.6,0,11.3,uncooked_corkscrew_shaped_pasta,,,,,
85.1,355,1,1.1,6.7,uncooked_short_grain_white_rice,,,,,
0,338,0,0,84.4,unflavored_gelatin,,,,,
0,338,0,0,84.4,unflavored_gelatin_powder,,,,,
0,899,99.9,0,0,unrefined_coconut_oil,,,,,
0,0,0,0,0,unrefined_sea_salt,,,,,
105,394,0,0,0,unrefined_sugar,,,,,
0,899,99.9,0,0,unrefined_sunflower_oil,,,,,
6.9,612,55.8,0,21.1,unsalted_almond,,,,,
0.6,744,82.2,0,0.6,unsalted_butter,,,,,
18.1,573,48.2,,17.7,unsalted_cashew,,,,,
12.5,564,46,0,25.8,unsalted_peanut,,,,,
8.2,601,55.4,7.4,17.9,unsalted_pistachio,,,,,
18.6,576,47.5,0,19.8,unsalted_sunflower_seed,,,,,
0.6,22,0,0,0.4,unseasoned_rice_vinegar,,,,,
80.9,352,1.4,4,9.1,unsifted_flour,,,,,
68.8,266,0.1,,0,unsulfured_molas,,,,,
68.8,266,0.1,,0,unsulphured_molas,,,,,
4.7,46,1.7,0,3.5,unsweetened_almond_milk,,,,,
9.7,37,0,0,0.1,unsweetened_apple_juice,,,,,
19.16,93,0.93,2.2,1.93,unsweetened_apple_sauce,,,,,
20.2,79,0.2,1.4,0.3,unsweetened_applesauce,,,,,
11.5,312,21.7,0,18.5,unsweetened_cocoa,,,,,
11.5,312,21.7,0,18.5,unsweetened_cocoa_powder,,,,,
4.9,22,0.3,,0.3,unsweetened_coconut,,,,,
4.9,22,0.3,,0.3,unsweetened_coconut_cream,,,,,
4.9,22,0.3,,0.3,unsweetened_coconut_milk,,,,,
10.5,41,0.1,0,0.3,unsweetened_pineapple_juice,,,,,
2.2,13,0.2,,0.7,unsweetened_pumpkin_puree,,,,,
4.7,46,1.7,0,3.5,unsweetened_vanilla_almond_milk,,,,,
2.2,14,0.3,,0.8,unwaxed_lemon,,,,,
22,169,8.2,0.2,3.2,vanilla,,,,,
4.7,46,1.7,0,3.5,vanilla_almond_milk,,,,,
22,169,8.2,0.2,3.2,vanilla_bean,,,,,
22,169,8.2,0.2,3.2,vanilla_bean_ice_cream,,,,,
22,169,8.2,0.2,3.2,vanilla_bean_pod,,,,,
22,169,8.2,0.2,3.2,vanilla_bean_sugar,,,,,
22,169,8.2,0.2,3.2,vanilla_essence,,,,,
22,169,8.2,0.2,3.2,vanilla_extract,,,,,
22,169,8.2,0.2,3.2,vanilla_ice_cream,,,,,
22,169,8.2,0.2,3.2,vanilla_pod,,,,,
22,169,8.2,0.2,3.2,vanilla_powder,,,,,
0,0,14.3,34.8,13.5,vanilla_protein_powder,,,,,
22,169,8.2,0.2,3.2,vanilla_pudding_mix,,,,,
0,0,0,0,0,vanilla_salt,,,,,
4.7,46,1.7,0,3.5,vanilla_soy_milk,,,,,
22,169,8.2,0.2,3.2,vanilla_stevia,,,,,
105,394,0,0,0,vanilla_sugar,,,,,
22,169,8.2,0.2,3.2,vanilla_vodka,,,,,
22,169,8.2,0.2,3.2,vanilla_wafer,,,,,
22,169,8.2,0.2,3.2,vanilla_wafer_cookie,,,,,
0,0,14.3,34.8,13.5,vanilla_whey_protein_powder,,,,,
22,169,8.2,0.2,3.2,vanilla_yogurt,,,,,
0,106,1.7,0,22.7,veal,,,,,
0.2,12,0.2,0.3,2.3,veal_stock,,,,,
0.6,744,82.2,0,0.6,vegan_butter,,,,,
63.5,510,28,0,5,vegan_chocolate_chip,,,,,
0.2,12,0.2,0.3,2.3,vegetable_bouillon_powder,,,,,
0.2,12,0.2,0.3,2.3,vegetable_broth,,,,,
0,899,99.9,0,0,vegetable_cooking_spray,,,,,
0,899,99.9,0,0,vegetable_oil,,,,,
0,899,99.9,0,0,vegetable_shortening,,,,,
0.93,5,0.07,0,0.24,vegetable_stock,,,,,
28.3,113,0.1,0,1.4,vegetarian_worcestershire_sauce,,,,,
0.2,12,0.2,0.3,2.3,veggie_broth,,,,,
0,899,99.9,0,0,vegtable_oil,,,,,
0.1,381,31.8,0,23.7,velveeta_cheese,,,,,
0,103,1.6,,22.2,venison,,,,,
0,103,1.6,,22.2,venison_roast,,,,,
0,125,4.1,,22,venison_steak,,,,,
0,85,0.3,0,20.5,venison_stew_meat,,,,,
75.6,343,1.6,0,11.3,vermicelli_pasta,,,,,
3,109,0,0,0.1,vermouth,,,,,
0,0,0,0,0,very_hot_water,,,,,
20.3,81,0.1,1.4,1.2,very_ripe_banana,,,,,
0.6,744,82.2,0,0.6,very_soft_butter,,,,,
0,0,0,0,0,very_warm_water,,,,,
8,35,0.1,2.2,1,vidalia_onion,,,,,
0,0,1.2,53.1,4,vietnamese_cinnamon,,,,,
0.6,22,0,0,0.4,vinegar,,,,,
3.3,688,68.5,0,14.7,walnut,,,,,
0,899,99.9,0,0,walnut_oil,,,,,
4.7,46,1.7,0,3.5,warm_milk,,,,,
76.6,282,0,,0,warm_syrup,,,,,
0,0,0,0,0,warm_water,,,,,
0,0,14.3,34.8,13.5,wasabi_powder,,,,,
0,0,0,0,0,water,,,,,
10.4,46,0.2,,1.4,water_chestnut,,,,,
0.4,22,1,0,3,watercres,,,,,
7.1,31,0.3,0,0.5,watermelon,,,,,
2.2,14,0.3,,0.8,wedge_lemon,,,,,
0.1,381,31.8,0,23.7,weight_chevre_style_goat_cheese,,,,,
63.5,510,28,0,5,weight_chocolate_candy_coating,,,,,
2.7,381,40.3,0,2,weight_extra_creamy_cool_whip,,,,,
0.1,381,31.8,0,23.7,weight_neufchatel_cheese_softened,,,,,
0.1,381,31.8,0,23.7,weight_reduced_fat_cream_cheese_softened,,,,,
63.5,510,28,0,5,weight_semi_sweet_baking_chocolate,,,,,
63.5,510,28,0,5,weight_semi_sweet_chocolate_melted,,,,,
0.1,381,31.8,0,23.7,weight_soft_cream_cheese,,,,,
6.1,30,0.5,3.8,0.6,weight_strawberry_yogurt,,,,,
72.6,338,2,0,12,weight_udon_noodle,,,,,
63.5,510,28,0,5,weight_unsweetened_baking_chocolate,,,,,
63.5,510,28,0,5,weight_unsweetened_chocolate,,,,,
63.5,510,28,0,5,weight_white_baking_chocolate,,,,,
83.6,360,1.7,,7.9,wheat_and_barley_nugget_cereal,,,,,
2.7,381,40.3,0,2,whip,,,,,
2.7,381,40.3,0,2,whipped_cream,,,,,
0.1,381,31.8,0,23.7,whipped_cream_cheese,,,,,
80.9,352,1.4,4,9.1,white_all_purpose_flour,,,,,
63.5,510,28,0,5,white_baking_chip,,,,,
17.03,88,0,,0.49,white_balsamic_vinegar,,,,,
15.7,92,0.6,0,6.9,white_bean,,,,,
48.7,236,2.1,2.9,8.7,white_bread,,,,,
79.2,353,1.2,3.3,11.3,white_bread_flour,,,,,
0.3,7,0.2,0.7,1,white_button_mushroom,,,,,
4.4,26,0.2,3.5,1.8,white_cabbage,,,,,
80.9,352,1.4,4,9.1,white_cake_mix,,,,,
105,394,0,0,0,white_caster_sugar,,,,,
0.1,416,34.9,0,25.4,white_cheddar_cheese,,,,,
58.3,529,30.9,0,8,white_chocolate,,,,,
63.5,510,28,0,5,white_chocolate_chip,,,,,
58.3,529,30.9,0,8,white_chocolate_morsel,,,,,
15.2,68,0.4,1.7,1.9,white_cornmeal,,,,,
76.6,282,0,,0,white_corn_syrup,,,,,
0,85,0.3,0,20.5,white_crab_meat,,,,,
0,85,0.3,0,20.5,white_crabmeat,,,,,
0.6,22,0,0,0.4,white_distilled_vinegar,,,,,
8,35,0.1,2.2,1,white_fish,,,,,
80.9,352,1.4,4,9.1,white_flour,,,,,
1.6,7,0,0,0.3,white_grape_juice,,,,,
76.6,282,0,,0,white_karo_syrup,,,,,
0.3,7,0.2,0.7,1,white_mushroom,,,,,
8,35,0.1,2.2,1,white_onion,,,,,
0,0,2.1,26.2,10.4,white_pepper,,,,,
0,0,3.3,25.3,10.4,white_peppercorn,,,,,
0,0,2.1,26.2,10.4,white_pepper_powder,,,,,
19.6,82,0.1,2,1.9,white_potato,,,,,
55.7,309,5,7,13.8,white_quinoa,,,,,
85.1,355,1,1.1,6.7,white_rice,,,,,
85.1,355,1,1.1,6.7,white_rice_flour,,,,,
0.9,598,58,0,18.2,white_sesame_seed,,,,,
80.9,352,1.4,4,9.1,white_spelt_flour,,,,,
105,394,0,0,0,white_sugar,,,,,
0,899,99.9,0,0,white_truffle_oil,,,,,
80.9,352,1.4,4,9.1,white_unbleached_flour,,,,,
0.6,22,0,0,0.4,white_vinegar,,,,,
0.6,75,0,0,0.1,white_wine,,,,,
0.6,22,0,0,0.4,white_wine_vinegar,,,,,
0.6,75,0,0,0.1,white_zinfandel_wine,,,,,
8,35,0.1,2.2,1,whole_big_onion,,,,,
0,0,6.7,,10.8,whole_black_cardamom,,,,,
8.2,36,0.2,1.2,0.8,whole_blood_orange,,,,,
10.9,43,0.1,2.7,0.3,whole_bosc_pear,,,,,
0,131,9,0,12.6,whole_brown_egg,,,,,
8,35,0.1,2.2,1,whole_brown_onion,,,,,
53.9,285,5.7,3.6,7.8,whole_burrito_sized_flour_tortilla,,,,,
53.9,285,5.7,3.6,7.8,whole_burrito_sized_tortilla,,,,,
4.2,26,0.3,,1.8,whole_chipotle_in_adobo,,,,,
63.5,510,28,0,5,whole_chocolate_graham_cracker,,,,,
63.5,510,28,0,5,whole_chocolate_sandwich_cookie,,,,,
0,108,2.1,0,22.3,whole_cut_up_fryer_chicken,,,,,
0,131,9,0,12.6,whole_farm_fresh_egg,,,,,
0,108,2.1,0,22.3,whole_fryer_chicken,,,,,
11.6,51,0.5,1.2,0.6,whole_gala_apple,,,,,
69.7,445,16.4,3.9,8.9,whole_graham_cracker_sheet,,,,,
4.2,140,10.2,0,8.2,wholegrain_mustard,,,,,
11.6,51,0.5,1.2,0.6,whole_green_apple,,,,,
0,131,9,0,12.6,whole_hardboiled_egg,,,,,
51.5,254,2.6,2.6,9.3,whole_hoagie_bun,,,,,
19.6,82,0.1,2,1.9,whole_idaho_potato,,,,,
0,131,9,0,12.6,whole_jumbo_egg,,,,,
8.3,36,0.1,,1.1,whole_large_butternut,,,,,
0.8,9,0.3,,0.7,whole_lime_squeezed,,,,,
11.6,51,0.5,1.2,0.6,whole_mcintosh_apple,,,,,
80.9,352,1.4,4,9.1,wholemeal_flour,,,,,
80.9,352,1.4,4,9.1,wholemeal_self_raising_flour,,,,,
8,35,0.1,2.2,1,whole_medium_sized_onion,,,,,
19.6,82,0.1,2,1.9,whole_medium_sized_potato,,,,,
21.3,87,0.3,0,1.2,whole_medium_sized_sweet_potato,,,,,
8,35,0.1,2.2,1,whole_medium_sized_yellow_onion,,,,,
2.2,14,0.3,,0.8,whole_meyer_lemon,,,,,
4.7,46,1.7,0,3.5,whole_milk_ricotta,,,,,
2,144,11,,9.4,whole_milk_ricotta_cheese,,,,,
8.2,36,0.2,1.2,0.8,whole_navel_orange,,,,,
0,131,9,0,12.6,whole_organic_egg,,,,,
20.3,81,0.1,1.4,1.2,whole_over_ripe_banana,,,,,
0.3,7,0.2,0.7,1,whole_portabello_mushroom,,,,,
4.3,21,0.2,2.2,0.8,whole_red_pepper_julienned,,,,,
0,125,4.1,,22,whole_ribeye_steak,,,,,
0,108,2.1,0,22.3,whole_rotisserie_chicken,,,,,
4.2,26,0.3,,1.8,whole_serrano_chili,,,,,
4.2,26,0.3,,1.8,whole_serrano_chili_pepper,,,,,
33.7,384,26.2,2.8,5.3,whole_sheet_puff_pastry,,,,,
8.3,36,0.1,,1.1,whole_summer_squash,,,,,
8,35,0.1,2.2,1,whole_sweet_yellow_onion,,,,,
53.9,285,5.7,3.6,7.8,whole_tortilla_wrap,,,,,
0,105,1.6,0,22.6,whole_turkey_cutlet,,,,,
3,14,0.1,1,0.5,whole_vine_ripened_tomato,,,,,
53.9,285,5.7,3.6,7.8,whole_white_corn_tortilla,,,,,
0,347,31.3,0,16.4,whole_yolk,,,,,
72.6,338,2,0,12,wide_egg_noodle,,,,,
0.3,7,0.2,0.7,1,wild_mushroom,,,,,
75.8,343,1.1,4.3,12.2,wild_rice,,,,,
0.6,75,0,0,0.1,wine,,,,,
0.6,22,0,0,0.4,wine_vinegar,,,,,
80.9,352,1.4,4,9.1,wondra_flour,,,,,
63.5,510,28,0,5,wood_chip,,,,,
28.3,113,0.1,0,1.4,worcestershire,,,,,
28.3,113,0.1,0,1.4,worcestershire_sauce,,,,,
28.2,114,0.3,,1.5,yam,,,,,
3.5,169,1.5,0,35.6,yeast,,,,,
80.9,352,1.4,4,9.1,yellow_cake_mix,,,,,
3.6,22,0.5,1.3,1.1,yellow_cherry_tomato,,,,,
8.1,60,1.8,0,3.4,yellow_corn_meal,,,,,
73.1,368,3.3,,9.4,yellow_cornmeal,,,,,
13.3,97,1.3,,7.9,yellow_curry_paste,,,,,
26.1,233,10.8,0,9.5,yellow_curry_powder,,,,,
8,35,0.1,2.2,1,yellow_food_coloring,,,,,
4.2,140,10.2,0,8.2,yellow_mustard,,,,,
0,0,28.8,,24.9,yellow_mustard_seed,,,,,
8,35,0.1,2.2,1,yellow_onion,,,,,
4.6,23,0.2,2.2,0.8,yellow_pepper,,,,,
19.6,82,0.1,2,1.9,yellow_potato,,,,,
11.3,83,1.5,5.3,6.9,yellow_split_pea,,,,,
8.3,36,0.1,,1.1,yellow_squash,,,,,
4.8,133,10.2,0,5.7,yogurt,,,,,
4.8,133,10.2,0,5.7,yogurt_covered_raisin,,,,,
19.6,82,0.1,2,1.9,yukon_gold_potato,,,,,
75.6,343,1.6,0,11.3,ziti_pasta,,,,,
1.8,18,0.4,0,1.8,zucchini,,,,,
